-- MySQL dump 10.13  Distrib 5.7.28, for Win64 (x86_64)
--
-- Host: localhost    Database: vk
-- ------------------------------------------------------
-- Server version	5.7.28-log

/*!40101 SET @OLD_CHARACTER_SET_CLIENT=@@CHARACTER_SET_CLIENT */;
/*!40101 SET @OLD_CHARACTER_SET_RESULTS=@@CHARACTER_SET_RESULTS */;
/*!40101 SET @OLD_COLLATION_CONNECTION=@@COLLATION_CONNECTION */;
/*!40101 SET NAMES utf8 */;
/*!40103 SET @OLD_TIME_ZONE=@@TIME_ZONE */;
/*!40103 SET TIME_ZONE='+00:00' */;
/*!40014 SET @OLD_UNIQUE_CHECKS=@@UNIQUE_CHECKS, UNIQUE_CHECKS=0 */;
/*!40014 SET @OLD_FOREIGN_KEY_CHECKS=@@FOREIGN_KEY_CHECKS, FOREIGN_KEY_CHECKS=0 */;
/*!40101 SET @OLD_SQL_MODE=@@SQL_MODE, SQL_MODE='NO_AUTO_VALUE_ON_ZERO' */;
/*!40111 SET @OLD_SQL_NOTES=@@SQL_NOTES, SQL_NOTES=0 */;

--
-- Table structure for table `comment`
--

DROP TABLE IF EXISTS `comment`;
/*!40101 SET @saved_cs_client     = @@character_set_client */;
/*!40101 SET character_set_client = utf8 */;
CREATE TABLE `comment` (
  `id` bigint(20) unsigned NOT NULL AUTO_INCREMENT,
  `text` varchar(250) DEFAULT NULL,
  `user_id` bigint(20) unsigned NOT NULL,
  `photos_id` bigint(20) unsigned NOT NULL,
  `created_at` datetime DEFAULT CURRENT_TIMESTAMP,
  `photo_id` bigint(20) unsigned NOT NULL,
  PRIMARY KEY (`id`),
  UNIQUE KEY `id` (`id`),
  KEY `user_id` (`user_id`),
  KEY `photos_id` (`photos_id`),
  KEY `photo_id` (`photo_id`),
  CONSTRAINT `comment_ibfk_1` FOREIGN KEY (`user_id`) REFERENCES `users` (`id`),
  CONSTRAINT `comment_ibfk_2` FOREIGN KEY (`photos_id`) REFERENCES `photos` (`id`),
  CONSTRAINT `comment_ibfk_3` FOREIGN KEY (`photo_id`) REFERENCES `profiles` (`photo_id`)
) ENGINE=InnoDB AUTO_INCREMENT=301 DEFAULT CHARSET=latin1;
/*!40101 SET character_set_client = @saved_cs_client */;

--
-- Dumping data for table `comment`
--

LOCK TABLES `comment` WRITE;
/*!40000 ALTER TABLE `comment` DISABLE KEYS */;
INSERT INTO `comment` VALUES (201,'Perferendis explicabo rem veniam eum consequatur. Aliquam aut odit ratione ut. Sint et dolor sequi voluptatum dolor.',1,1,'2003-10-06 14:11:04',1),(202,'Illo exercitationem sed quas non atque. Dolor eveniet ut accusantium sit sint ut eius. Et reprehenderit eligendi provident omnis.',2,2,'2004-01-15 20:32:38',2),(203,'Aut quia saepe aut nostrum blanditiis velit consequatur sed. Sed incidunt similique rerum repellendus sed esse. Quae nobis rem voluptatibus sed iusto.',3,3,'1984-11-18 20:01:58',3),(204,'Sit debitis nihil dolor quia aut consequatur quo. Enim nesciunt nemo occaecati soluta asperiores.',4,4,'1971-11-17 23:17:52',4),(205,'Numquam qui quae voluptates fugit dolores vel. Quod ut reiciendis et quis incidunt suscipit. Eaque laborum vitae repellendus quibusdam.',5,5,'1985-09-22 22:55:18',5),(206,'Similique ut est quis. Laborum fugit consequatur vel quas suscipit cupiditate. Minus qui at eum non. Aperiam provident cum quasi nisi.',6,6,'2000-07-16 07:55:33',6),(207,'Nulla tenetur sed laudantium est esse maiores officia iure. Officia nulla laborum voluptatem rerum laborum excepturi. Laudantium quia aut eum officia. Nobis ut et quisquam fugit nisi omnis et.',7,7,'2003-06-05 07:55:36',7),(208,'Ducimus ex voluptas repellendus beatae et. Rem quis minus voluptas optio totam consequatur dolores. Perspiciatis quasi eveniet nobis itaque.\nSed non iure harum. Dignissimos iure fuga aut omnis.',8,8,'1995-11-29 12:42:34',8),(209,'Facere omnis facilis repellendus dolorem assumenda incidunt in. Fugiat tempora quia qui accusantium velit dolores. Ipsum ad explicabo temporibus voluptas mollitia illum enim.',9,9,'1981-12-06 17:59:15',9),(210,'Officia dignissimos placeat corporis nesciunt eius laudantium. Unde delectus nam ratione temporibus quia. Maiores cum accusantium voluptas enim.',10,10,'1987-10-22 22:01:12',10),(211,'Sint nam necessitatibus temporibus iusto minus id. Vero odit sit architecto aspernatur nostrum nihil. Sed libero aperiam minus est. Consequatur unde rerum ducimus in est recusandae quia.',11,11,'1991-04-09 18:57:57',11),(212,'Non eaque mollitia sit. Voluptatem et dolores unde animi eius vel dolor similique.',12,12,'1989-12-10 14:24:11',12),(213,'Ipsa laborum pariatur dolores dolorem ullam. Molestias ut alias provident rerum. Hic aspernatur in sint nulla. Et explicabo excepturi ad consequatur deserunt repellat quis.',13,13,'2006-10-25 03:19:12',13),(214,'Tempora et quo aut. Hic vel consequatur fugiat omnis aut. Voluptate culpa ex iure temporibus.',14,14,'1990-10-11 04:49:37',14),(215,'Exercitationem saepe voluptatem est. Minima dolor minus incidunt corporis est fuga. Facere mollitia rerum ut illo repellat. Eum nostrum et incidunt optio sint molestiae dolor.',15,15,'1996-04-06 17:55:39',15),(216,'Et illum aut voluptates ad delectus. Dicta aliquid est reprehenderit saepe iure unde veniam. Sint facere eum aliquid quis.',16,16,'2002-06-12 15:51:31',16),(217,'Officiis maiores quos libero natus. Voluptates rerum exercitationem eum ad laborum libero aliquam. Iste dolor sunt qui fuga.',17,17,'2015-09-17 17:45:02',17),(218,'Itaque sit sunt et est. Rerum et repudiandae voluptatibus vitae doloremque. Dignissimos sit sapiente ut omnis iusto velit.',18,18,'1973-05-11 20:12:37',18),(219,'Harum ab ullam reprehenderit sit provident magnam. Quasi temporibus amet laborum laborum dolores quae. Officia aut aut similique nulla nesciunt. Sint occaecati aut ratione sunt tenetur minima.',19,19,'2018-03-17 17:05:07',19),(220,'Voluptatibus harum consectetur accusantium saepe quidem sed. Illum sit fugit assumenda facilis ut expedita quia. Placeat odio praesentium pariatur. Soluta distinctio in et in.',20,20,'2004-12-27 04:18:14',20),(221,'Quis voluptas libero rerum omnis culpa. Voluptatum minus quibusdam qui culpa adipisci saepe vero.',21,21,'1995-03-02 18:01:36',21),(222,'Quo explicabo doloribus qui aliquam rem cupiditate aut. Eos accusamus dolorum porro ut facilis. Corrupti maxime aut esse sunt.',22,22,'2018-09-01 09:01:17',22),(223,'Minima omnis dolorem neque. Dolorum consequatur earum minus vero.\nSint quibusdam id incidunt magnam ex neque sed. Quae ipsa ducimus debitis sunt.',23,23,'1989-11-08 14:22:16',23),(224,'Est minus nisi nulla repellat veritatis porro possimus. Incidunt id pariatur nesciunt eos numquam in iste. Id quos voluptas nisi unde possimus.',24,24,'1973-09-06 12:25:34',24),(225,'Ullam quia autem et qui et aut. Praesentium quisquam commodi iusto at. Velit eos ad voluptates magni pariatur.',25,25,'1973-05-02 01:59:13',25),(226,'Perferendis dolorem et necessitatibus aut nobis. Delectus recusandae quam rem sit quod temporibus. Adipisci et omnis libero.',26,26,'1977-10-29 16:54:24',26),(227,'Explicabo autem ducimus ducimus aut asperiores occaecati quae sit. Harum ex quia dolorum non. Officiis minus nihil blanditiis dicta iure iste aut non. Aut magni eaque atque nam sunt cumque.',27,27,'2011-03-28 19:45:03',27),(228,'Veniam repudiandae fugiat praesentium nihil sed minima autem. Excepturi nulla est voluptas est expedita ut. Laboriosam expedita quam quidem est nihil itaque.',28,28,'1993-09-22 10:21:11',28),(229,'Est non quo in a ratione porro ipsa a. Est iusto nobis pariatur incidunt atque dolorum temporibus qui. Dolor et voluptas temporibus alias aut blanditiis dolor. Corporis est autem officiis.',29,29,'1977-02-07 10:51:59',29),(230,'Voluptatem autem ipsum ea ea voluptatum rerum quidem. Ut et vero laborum. Quos temporibus ex reiciendis placeat alias quis.',30,30,'2010-03-01 20:31:37',30),(231,'Excepturi corrupti rerum et ipsam. A odit sit minus. Non sint dolores autem quia harum.',31,31,'1995-11-19 13:40:48',31),(232,'Quaerat dolor ut eaque quidem optio corrupti ad. Voluptas impedit qui rerum eos itaque praesentium. Et eos tenetur aliquam tempore voluptatibus facere quos.',32,32,'1993-05-27 16:37:08',32),(233,'Et beatae et et quibusdam tenetur rem adipisci hic. Enim sed aliquam odit id doloribus. Itaque non placeat quae doloremque in. Iste accusamus aliquam voluptatem sint sed ipsa ipsa.',33,33,'2018-04-12 23:37:41',33),(234,'Sint impedit accusamus blanditiis occaecati. Molestiae enim minima quae. Totam in ut at beatae dolores. Inventore enim repudiandae iste repudiandae magnam ullam.',34,34,'1980-12-09 12:10:55',34),(235,'Voluptatum dolor et exercitationem voluptate enim ea est. Amet aut sint qui et culpa deserunt. Esse placeat id repellendus fuga quis accusantium. Tempora cumque enim dolor.',35,35,'1998-07-27 08:02:35',35),(236,'Qui sit minus deserunt omnis rerum. Sint hic deserunt officia cum aspernatur aspernatur. Ut ipsa libero nihil dolore aut non perspiciatis.',36,36,'1977-03-30 06:21:51',36),(237,'Ut minus neque corrupti cum in. Cumque tenetur est expedita. Eaque quia voluptatem quia dolorem et reiciendis voluptas.',37,37,'2000-03-14 20:37:46',37),(238,'Commodi omnis aut molestias minima sint aut. Nulla error molestiae quia non. Aut voluptates in hic.',38,38,'1976-04-01 05:08:21',38),(239,'Iste nemo eius possimus ipsum dicta dolore. Velit ut quas perspiciatis numquam aliquam omnis.',39,39,'2018-01-09 00:45:12',39),(240,'Fuga quam porro et et. Iusto repudiandae voluptatem quis veritatis.',40,40,'2016-11-09 15:00:48',40),(241,'Qui aut hic deleniti consequatur cupiditate in vel. Ut dolorem dolorem assumenda nihil. Quo facilis impedit dicta saepe ad possimus.',41,41,'2004-01-04 18:59:05',41),(242,'Ut rerum voluptates unde dolore eveniet officia porro. Velit sit in id in. Odio harum neque assumenda. Corrupti inventore id ipsum itaque. Reiciendis ipsa suscipit aut qui.',42,42,'1995-01-10 08:46:42',42),(243,'Necessitatibus atque sit enim consectetur eos omnis eum ducimus. Maxime quidem quis ut in quam illo quis. Unde earum debitis deleniti est exercitationem non.',43,43,'1994-11-17 14:26:12',43),(244,'Ratione dolorem velit molestiae iure. Modi et minima aut iusto quae et. Explicabo hic temporibus corrupti itaque. Voluptatem debitis cum consequatur dolore sit.',44,44,'1989-01-07 09:40:37',44),(245,'Laboriosam consequuntur ad quidem. Vero et voluptas ut. Ut aut magni id quo sed.',45,45,'1980-01-08 04:59:23',45),(246,'Iusto amet ut laudantium qui provident consequatur saepe. Iure deleniti molestias optio nostrum expedita et. Voluptas et corporis molestias dolore dolor nesciunt illo autem.',46,46,'2002-11-01 18:04:04',46),(247,'Nisi sed tempora repellat inventore. Doloribus autem saepe dolore neque voluptas fugiat. In nam officiis sit fugiat consequatur beatae voluptatem. Sint alias nulla et.',47,47,'1990-10-07 21:59:57',47),(248,'Ut odio nihil itaque officiis natus maiores doloribus. Ea non quidem id sed. Aliquid tempore repellendus et eum dignissimos ab.',48,48,'2015-08-06 21:27:37',48),(249,'Autem impedit rerum iure quos vel quo officiis. Unde molestiae voluptas consequuntur ullam a et. A voluptas rerum laborum illo sunt quibusdam vero. Aut nostrum ut harum est facilis voluptas.',49,49,'1977-04-28 10:00:23',49),(250,'Aliquid aut sint voluptas et quia alias dicta placeat. Labore numquam tempore eos quas blanditiis voluptas.',50,50,'2000-07-29 22:09:33',50),(251,'Molestiae velit sit assumenda molestiae et sit. Aut vero nobis eaque dolores occaecati. Quis optio et doloremque veniam.',51,51,'2012-03-05 17:36:27',51),(252,'Repudiandae dicta dolor asperiores. Laboriosam inventore possimus ut eligendi pariatur. Molestias ratione soluta ipsa quisquam.',52,52,'1978-11-11 15:37:49',52),(253,'Ad pariatur a culpa. Et culpa autem tempora voluptate blanditiis voluptas. Sed aut doloremque ipsam odit.\nIpsa molestiae ducimus quia voluptatem ratione consequatur. Fugit sed et voluptates nesciunt.',53,53,'1996-12-27 13:25:16',53),(254,'Est et doloribus voluptatem quas. Libero nostrum distinctio earum ducimus quidem doloribus. Optio autem sed fugiat rem aut. In earum optio omnis necessitatibus quaerat est quo.',54,54,'2018-07-03 09:53:59',54),(255,'Commodi consequuntur voluptate et culpa. Aliquid minima quos eligendi. Et blanditiis reprehenderit est nobis placeat. Ab blanditiis quasi qui et unde. Nihil voluptate autem eligendi id tempore.',55,55,'1982-05-31 13:42:11',55),(256,'Ex blanditiis exercitationem voluptatum debitis commodi. Eligendi delectus deleniti accusantium ut quis. Aliquid est magni praesentium cupiditate sit.',56,56,'2017-02-24 14:36:14',56),(257,'Tenetur at dolorem totam commodi facilis magni dolores. Mollitia vero possimus odit ipsa. Molestiae minima optio recusandae dolorum possimus ut. Quaerat accusantium neque quaerat.',57,57,'2020-01-07 03:01:55',57),(258,'Omnis voluptatem sit omnis nobis. Veniam ea aliquid quo voluptatem fugiat facere architecto. Repellat ut in dicta omnis molestiae natus nam.',58,58,'2016-03-03 14:52:28',58),(259,'Sunt et et consequatur non est. Quidem molestias ipsam et autem. Ipsam maiores nulla officiis. Amet dolor et provident laborum.',59,59,'1989-05-31 22:35:14',59),(260,'Aut architecto maiores aut impedit ratione quibusdam nihil. Maiores dolores aperiam doloribus. Doloribus aspernatur numquam cum necessitatibus. Impedit eius non iusto ut.',60,60,'1998-09-30 03:33:03',60),(261,'Et ut animi voluptatibus quam porro et quo omnis. Voluptas qui rerum soluta rerum at quis alias. Sapiente voluptas quidem tempore quis id fugit qui nihil. Ab velit sunt dicta maxime.',61,61,'2008-12-06 01:36:59',61),(262,'Error dicta nulla consequatur repellat velit. Ratione delectus dolor voluptatem voluptatibus harum. Veniam dolorum est velit labore veniam nesciunt dolor. Eum officiis ea aut culpa aut sunt.',62,62,'2009-04-01 03:02:17',62),(263,'Consequatur amet quis placeat ut quia molestiae voluptatem officiis. Ducimus iste quae eum voluptatem sunt. Praesentium magnam voluptate esse ratione quam saepe.',63,63,'1980-12-06 16:54:48',63),(264,'Voluptatibus qui facere qui in. Modi numquam laudantium necessitatibus doloribus sunt. Impedit ratione maxime molestiae reprehenderit quo distinctio ut. Blanditiis possimus temporibus voluptatem ut.',64,64,'1993-11-18 13:30:50',64),(265,'Cum rerum consequuntur sequi beatae voluptatibus. Et rerum laborum perferendis quia. Eos eveniet perferendis nesciunt harum.',65,65,'1998-11-20 10:22:42',65),(266,'Quibusdam est placeat quo eum et at sit est. Reiciendis dolorum quod qui nihil commodi. Dolorem perferendis quis aut ratione ipsum.',66,66,'1999-04-02 18:25:50',66),(267,'At illum corporis quas eligendi assumenda qui. Sed voluptas accusantium voluptatibus in.',67,67,'2001-03-15 00:21:04',67),(268,'Quia qui molestiae quis illo. Praesentium a nobis consequatur veniam qui vitae. Consequatur pariatur molestias nemo facilis.',68,68,'2001-02-05 21:57:19',68),(269,'Dolore non quae voluptates aut ex suscipit quos. Enim molestias facere in eum cupiditate atque in. Numquam ab omnis itaque maxime. Eum voluptas unde quibusdam illum dicta quibusdam ipsum autem.',69,69,'1979-11-19 15:32:56',69),(270,'Consectetur occaecati ipsam natus non. Magnam in consectetur velit. Voluptate perspiciatis qui qui ducimus et dolores. Eos rerum aspernatur omnis.',70,70,'2017-04-13 13:28:01',70),(271,'Illo ad dolorum distinctio rerum. Non dolor rerum voluptate et voluptas impedit.',71,71,'1999-05-28 13:01:38',71),(272,'Hic ut non amet consequuntur dolorem cum adipisci. Ut iste ipsa animi eius dolorum. Magnam accusantium laudantium atque repellendus. Voluptatem mollitia perspiciatis sit molestiae velit ullam.',72,72,'2009-12-27 10:04:24',72),(273,'Voluptates accusantium autem illum veniam repellat et. Commodi quasi consequatur nulla aut. Est animi deserunt quia delectus provident.',73,73,'1994-09-26 11:09:40',73),(274,'Necessitatibus dolorum eum et. Enim tempore possimus labore consequatur qui sed. A est ab assumenda nobis fugiat animi. Quidem ex cum aut aut delectus voluptatem qui.',74,74,'2007-01-05 12:56:20',74),(275,'Similique assumenda maiores ut facere. Eligendi necessitatibus et voluptas placeat necessitatibus. Itaque corrupti dolorem unde enim dolorem. Asperiores doloribus placeat quae at iure sit in.',75,75,'1990-05-05 22:31:19',75),(276,'Consequatur corrupti ad pariatur est quas corrupti. Consectetur sed voluptatem et et. Hic rerum earum rerum. Sint quia eum doloribus eius fuga dolorum.',76,76,'2005-04-21 21:42:33',76),(277,'Voluptas minima quo et. Voluptatum repellat voluptas eius totam recusandae cupiditate iusto. Quis temporibus qui aliquid voluptatem consectetur.',77,77,'1992-10-03 10:23:59',77),(278,'Possimus minus aut ut consequatur. Consequuntur et vero maiores. Ex consectetur temporibus deserunt sit maiores expedita. Inventore eaque omnis voluptas vero commodi.',78,78,'1986-06-08 11:25:40',78),(279,'Id aut cum sint. Inventore in vel earum facere voluptas. Voluptatem veritatis temporibus qui sit. Neque molestiae ex rerum.',79,79,'1974-05-11 06:57:45',79),(280,'Consequuntur est enim blanditiis sunt velit rerum. Qui non iure libero numquam rerum itaque labore sunt. Corrupti numquam aut suscipit est quia. Voluptates sint fugit quia consequatur mollitia.',80,80,'1989-02-08 10:57:21',80),(281,'Molestiae dolores harum est cum placeat. Quo aliquid et labore. Ut deserunt quis velit fugiat numquam. Sit sed quaerat voluptas quaerat.',81,81,'2009-12-03 03:09:28',81),(282,'Quia ipsa sapiente dolores dolor eum eius voluptatem reprehenderit. Sit impedit dolores et blanditiis. Minus omnis a itaque quo ea.',82,82,'1975-04-04 13:22:30',82),(283,'Dicta quia rerum quia non accusamus in est. Voluptatem at voluptates minima eum. Aut ad molestiae dolor. Impedit et et atque sint nulla autem fugiat.',83,83,'2012-02-22 19:30:33',83),(284,'Sit eum placeat vero sint. Iste labore incidunt optio explicabo eveniet. Quam autem minus dolor sed et. Dolore rem fugit officiis labore molestiae. Rerum doloremque aut qui explicabo.',84,84,'1994-03-04 19:11:39',84),(285,'Eos quasi et facere error non aperiam ea incidunt. Qui exercitationem quis asperiores quae vel dignissimos.',85,85,'1970-11-12 10:20:07',85),(286,'Beatae aut repellendus autem voluptas incidunt rerum voluptatem. In sed rerum quia omnis.',86,86,'2004-07-15 22:12:18',86),(287,'Est dolorem quia ea est. Corporis aspernatur cupiditate eveniet vel voluptatum ut. Quo in earum esse quas iure voluptates.',87,87,'2002-10-21 08:30:40',87),(288,'Doloribus aspernatur et consequatur enim beatae modi ad saepe. Fuga non rerum magni cum ad dicta similique. Repellat non vel voluptatem neque alias corporis earum animi.',88,88,'2008-07-27 21:34:32',88),(289,'Et quidem corporis nobis optio delectus. Nemo non et fugit dolorum nobis dolorum. Neque ea dolore voluptatibus in et eveniet est doloremque.',89,89,'1984-05-26 13:22:43',89),(290,'Quo asperiores quod maiores ullam. Praesentium fugit ut architecto. Reprehenderit magnam nulla nulla explicabo repellat dolorum numquam ab. Fuga quia saepe fuga dolores saepe ab eveniet.',90,90,'1978-01-05 02:57:04',90),(291,'Sunt ratione ipsa laudantium ducimus. Modi dicta non a aut sapiente provident voluptatum. Eveniet blanditiis qui ea libero esse corporis. At quia et libero beatae.',91,91,'1992-12-08 21:05:12',91),(292,'Ducimus atque blanditiis amet dolorum dolores. Aut distinctio qui vel rem molestias. Alias dolore repellendus et soluta. Consequatur modi in voluptas quisquam.',92,92,'2010-07-06 19:57:27',92),(293,'Ipsa quidem reiciendis sed magni esse ut quis. Incidunt tempora ad provident minus accusantium. Ea rerum ipsam eum eveniet non aperiam occaecati. Occaecati quo dolores sint voluptatem dicta at ad.',93,93,'2012-10-10 18:05:10',93),(294,'Eum sequi enim accusamus sint dolorum enim sit. Laudantium voluptatem praesentium unde nihil nulla repellat. Voluptas eum amet ut impedit consequatur fuga aut. Provident minima aliquid aut ea quia.',94,94,'2006-08-08 16:36:46',94),(295,'Sequi nobis aut rerum enim quia eos sapiente. Odit ut id laborum. Recusandae ut in ducimus voluptatem est suscipit ut. Qui accusantium eum atque.',95,95,'1975-03-27 19:59:52',95),(296,'Ab omnis minima neque. Expedita ipsa explicabo quidem sapiente iste optio. Sed animi quia deserunt ab tenetur aspernatur. Modi voluptatum qui animi vel voluptas qui laboriosam.',96,96,'2010-01-01 17:17:59',96),(297,'Quo enim exercitationem et fuga optio officia. Qui unde possimus quia nam. Ea illo sed dolorum consequatur.',97,97,'2015-09-30 04:53:26',97),(298,'Ex ab laborum soluta impedit voluptatem et. Numquam officiis omnis officiis consequatur. Tenetur excepturi numquam autem.',98,98,'2003-02-19 03:22:45',98),(299,'Non quos doloribus recusandae quos optio modi. Praesentium laboriosam enim fugiat quia et. Et minima rerum eveniet sint ipsa accusantium. Dicta deleniti ut dolores recusandae architecto quisquam.',99,99,'1997-07-13 22:52:53',99),(300,'Dolore eum quo aspernatur et. Quo aut sed eos commodi velit. Sed iste dolores reprehenderit saepe nihil facilis dignissimos. Commodi quis sint eaque quibusdam aut error aut dolor.',100,100,'2015-04-19 15:43:36',100);
/*!40000 ALTER TABLE `comment` ENABLE KEYS */;
UNLOCK TABLES;

--
-- Table structure for table `communities`
--

DROP TABLE IF EXISTS `communities`;
/*!40101 SET @saved_cs_client     = @@character_set_client */;
/*!40101 SET character_set_client = utf8 */;
CREATE TABLE `communities` (
  `id` bigint(20) unsigned NOT NULL AUTO_INCREMENT,
  `name` varchar(150) DEFAULT NULL,
  PRIMARY KEY (`id`),
  UNIQUE KEY `id` (`id`),
  KEY `communities_name_idx` (`name`)
) ENGINE=InnoDB AUTO_INCREMENT=101 DEFAULT CHARSET=latin1;
/*!40101 SET character_set_client = @saved_cs_client */;

--
-- Dumping data for table `communities`
--

LOCK TABLES `communities` WRITE;
/*!40000 ALTER TABLE `communities` DISABLE KEYS */;
INSERT INTO `communities` VALUES (38,'ad'),(90,'adipisci'),(52,'animi'),(72,'animi'),(99,'animi'),(93,'aperiam'),(17,'at'),(94,'aut'),(39,'blanditiis'),(75,'consequatur'),(95,'consequatur'),(30,'cumque'),(11,'dicta'),(82,'dicta'),(46,'dolor'),(98,'dolor'),(40,'dolorem'),(78,'dolorem'),(5,'dolores'),(59,'doloribus'),(27,'dolorum'),(100,'ducimus'),(20,'ea'),(87,'ea'),(13,'enim'),(35,'enim'),(60,'enim'),(66,'enim'),(79,'enim'),(16,'eos'),(51,'eos'),(57,'eos'),(96,'eos'),(43,'eum'),(71,'eum'),(47,'ex'),(9,'facere'),(62,'fuga'),(65,'fugiat'),(77,'harum'),(12,'illo'),(48,'illo'),(58,'illum'),(1,'impedit'),(68,'in'),(33,'iure'),(81,'laborum'),(24,'laudantium'),(26,'magni'),(34,'magni'),(44,'magni'),(18,'maxime'),(45,'maxime'),(84,'minima'),(19,'minus'),(28,'molestiae'),(6,'mollitia'),(15,'mollitia'),(25,'nam'),(49,'nam'),(2,'nemo'),(88,'nihil'),(22,'non'),(32,'non'),(73,'nostrum'),(89,'odit'),(4,'officiis'),(67,'omnis'),(83,'pariatur'),(31,'praesentium'),(10,'quae'),(41,'quaerat'),(63,'qui'),(70,'qui'),(69,'quia'),(74,'quia'),(86,'quia'),(92,'quod'),(91,'quos'),(37,'ratione'),(97,'ratione'),(61,'recusandae'),(23,'reiciendis'),(14,'rem'),(55,'rerum'),(50,'saepe'),(80,'saepe'),(3,'sed'),(85,'sed'),(29,'similique'),(56,'sint'),(7,'sit'),(36,'sunt'),(53,'sunt'),(21,'suscipit'),(8,'temporibus'),(54,'velit'),(42,'voluptas'),(76,'voluptas'),(64,'voluptatem');
/*!40000 ALTER TABLE `communities` ENABLE KEYS */;
UNLOCK TABLES;

--
-- Table structure for table `friend_requests`
--

DROP TABLE IF EXISTS `friend_requests`;
/*!40101 SET @saved_cs_client     = @@character_set_client */;
/*!40101 SET character_set_client = utf8 */;
CREATE TABLE `friend_requests` (
  `initiator_user_id` bigint(20) unsigned NOT NULL,
  `target_user_id` bigint(20) unsigned NOT NULL,
  `status` enum('requested','approved','unfriended','declined') DEFAULT NULL,
  `requested_at` datetime DEFAULT CURRENT_TIMESTAMP,
  `confirmed_at` datetime DEFAULT NULL,
  PRIMARY KEY (`initiator_user_id`,`target_user_id`),
  KEY `initiator_user_id` (`initiator_user_id`),
  KEY `target_user_id` (`target_user_id`),
  CONSTRAINT `friend_requests_ibfk_1` FOREIGN KEY (`initiator_user_id`) REFERENCES `users` (`id`),
  CONSTRAINT `friend_requests_ibfk_2` FOREIGN KEY (`target_user_id`) REFERENCES `users` (`id`)
) ENGINE=InnoDB DEFAULT CHARSET=latin1;
/*!40101 SET character_set_client = @saved_cs_client */;

--
-- Dumping data for table `friend_requests`
--

LOCK TABLES `friend_requests` WRITE;
/*!40000 ALTER TABLE `friend_requests` DISABLE KEYS */;
/*!40000 ALTER TABLE `friend_requests` ENABLE KEYS */;
UNLOCK TABLES;

--
-- Table structure for table `likes`
--

DROP TABLE IF EXISTS `likes`;
/*!40101 SET @saved_cs_client     = @@character_set_client */;
/*!40101 SET character_set_client = utf8 */;
CREATE TABLE `likes` (
  `id` bigint(20) unsigned NOT NULL AUTO_INCREMENT,
  `user_id` bigint(20) unsigned NOT NULL,
  `media_id` bigint(20) unsigned NOT NULL,
  `comment_id` bigint(20) unsigned NOT NULL,
  `publication_id` bigint(20) unsigned NOT NULL,
  `created_at` datetime DEFAULT CURRENT_TIMESTAMP,
  PRIMARY KEY (`id`),
  UNIQUE KEY `id` (`id`),
  KEY `user_id` (`user_id`),
  KEY `comment_id` (`comment_id`),
  KEY `media_id` (`media_id`),
  KEY `publication_id` (`publication_id`),
  CONSTRAINT `likes_ibfk_1` FOREIGN KEY (`user_id`) REFERENCES `users` (`id`),
  CONSTRAINT `likes_ibfk_2` FOREIGN KEY (`comment_id`) REFERENCES `comment` (`id`),
  CONSTRAINT `likes_ibfk_3` FOREIGN KEY (`media_id`) REFERENCES `media` (`id`),
  CONSTRAINT `likes_ibfk_4` FOREIGN KEY (`publication_id`) REFERENCES `publication` (`id`)
) ENGINE=InnoDB AUTO_INCREMENT=101 DEFAULT CHARSET=latin1;
/*!40101 SET character_set_client = @saved_cs_client */;

--
-- Dumping data for table `likes`
--

LOCK TABLES `likes` WRITE;
/*!40000 ALTER TABLE `likes` DISABLE KEYS */;
INSERT INTO `likes` VALUES (1,1,1,201,1,'2005-02-12 03:15:53'),(2,2,2,202,2,'1979-09-17 10:25:31'),(3,3,3,203,3,'1976-04-02 03:37:30'),(4,4,4,204,4,'1990-07-05 14:17:01'),(5,5,5,205,5,'1986-05-15 14:41:24'),(6,6,6,206,6,'1996-07-29 07:46:28'),(7,7,7,207,7,'1981-01-18 08:29:57'),(8,8,8,208,8,'1979-01-24 14:26:11'),(9,9,9,209,9,'2017-04-26 12:47:18'),(10,10,10,210,10,'2009-02-28 18:39:04'),(11,11,11,211,11,'1980-09-30 21:20:32'),(12,12,12,212,12,'1991-09-05 21:58:22'),(13,13,13,213,13,'1982-09-22 19:25:02'),(14,14,14,214,14,'1998-09-15 04:06:02'),(15,15,15,215,15,'1976-11-30 12:27:13'),(16,16,16,216,16,'1992-06-07 01:24:56'),(17,17,17,217,17,'1970-12-24 23:48:05'),(18,18,18,218,18,'2001-07-07 07:05:02'),(19,19,19,219,19,'2002-03-28 14:15:25'),(20,20,20,220,20,'1974-07-19 18:28:48'),(21,21,21,221,21,'1988-10-01 00:03:32'),(22,22,22,222,22,'1997-06-27 14:51:00'),(23,23,23,223,23,'1991-09-17 14:28:02'),(24,24,24,224,24,'1981-08-14 21:00:29'),(25,25,25,225,25,'1995-02-13 17:26:01'),(26,26,26,226,26,'1981-07-25 02:45:27'),(27,27,27,227,27,'1983-12-05 00:39:51'),(28,28,28,228,28,'1989-11-09 11:37:30'),(29,29,29,229,29,'1992-04-12 20:10:39'),(30,30,30,230,30,'1994-09-22 13:32:28'),(31,31,31,231,31,'2000-03-15 05:37:12'),(32,32,32,232,32,'1978-03-10 13:46:38'),(33,33,33,233,33,'1998-05-22 08:32:12'),(34,34,34,234,34,'1981-01-19 12:38:49'),(35,35,35,235,35,'1993-07-13 21:17:59'),(36,36,36,236,36,'1991-09-08 05:53:04'),(37,37,37,237,37,'1982-06-22 06:10:29'),(38,38,38,238,38,'1989-07-21 03:40:56'),(39,39,39,239,39,'1989-12-01 15:01:12'),(40,40,40,240,40,'1985-05-13 05:52:29'),(41,41,41,241,41,'1986-01-03 01:48:24'),(42,42,42,242,42,'1970-10-27 05:02:05'),(43,43,43,243,43,'2009-01-01 12:34:21'),(44,44,44,244,44,'2011-05-04 14:04:10'),(45,45,45,245,45,'2019-08-14 18:35:53'),(46,46,46,246,46,'1970-07-06 13:26:43'),(47,47,47,247,47,'2000-03-18 22:24:36'),(48,48,48,248,48,'2019-08-13 23:14:08'),(49,49,49,249,49,'1978-06-02 00:52:23'),(50,50,50,250,50,'2013-02-11 11:17:10'),(51,51,51,251,51,'1992-06-14 13:07:11'),(52,52,52,252,52,'1983-01-30 01:45:30'),(53,53,53,253,53,'2017-09-22 03:38:33'),(54,54,54,254,54,'1989-02-16 17:52:43'),(55,55,55,255,55,'1973-08-26 05:34:48'),(56,56,56,256,56,'2007-04-18 06:13:01'),(57,57,57,257,57,'1981-05-16 19:20:03'),(58,58,58,258,58,'2015-04-27 01:14:52'),(59,59,59,259,59,'2003-03-11 21:52:03'),(60,60,60,260,60,'1980-08-09 08:34:53'),(61,61,61,261,61,'1976-12-28 15:39:23'),(62,62,62,262,62,'1992-10-11 07:18:16'),(63,63,63,263,63,'1975-03-29 23:37:05'),(64,64,64,264,64,'1980-07-19 14:32:33'),(65,65,65,265,65,'1977-06-24 15:40:02'),(66,66,66,266,66,'1977-08-14 19:36:19'),(67,67,67,267,67,'1974-02-05 12:20:51'),(68,68,68,268,68,'1973-12-31 04:15:12'),(69,69,69,269,69,'2001-05-05 10:01:44'),(70,70,70,270,70,'2007-03-23 09:39:57'),(71,71,71,271,71,'1978-06-15 20:47:19'),(72,72,72,272,72,'1990-10-16 03:46:25'),(73,73,73,273,73,'1974-06-05 11:54:31'),(74,74,74,274,74,'1988-07-05 10:38:29'),(75,75,75,275,75,'2003-10-16 20:58:57'),(76,76,76,276,76,'2016-08-22 16:48:04'),(77,77,77,277,77,'1996-09-26 09:17:48'),(78,78,78,278,78,'2018-02-01 14:52:41'),(79,79,79,279,79,'2002-09-22 15:04:56'),(80,80,80,280,80,'2015-10-14 02:53:22'),(81,81,81,281,81,'2020-01-19 07:30:43'),(82,82,82,282,82,'1982-05-24 20:25:24'),(83,83,83,283,83,'2012-03-16 06:12:12'),(84,84,84,284,84,'1978-08-14 09:56:28'),(85,85,85,285,85,'1995-01-12 09:24:00'),(86,86,86,286,86,'1970-10-16 13:41:08'),(87,87,87,287,87,'2009-04-15 00:51:02'),(88,88,88,288,88,'1979-07-03 08:30:16'),(89,89,89,289,89,'2009-11-21 17:31:10'),(90,90,90,290,90,'2005-07-19 16:52:57'),(91,91,91,291,91,'2004-12-19 06:07:09'),(92,92,92,292,92,'2002-01-28 01:21:40'),(93,93,93,293,93,'1975-09-26 02:43:32'),(94,94,94,294,94,'1999-11-24 14:23:02'),(95,95,95,295,95,'1977-08-15 05:17:40'),(96,96,96,296,96,'1984-08-09 20:15:39'),(97,97,97,297,97,'2001-04-28 10:34:47'),(98,98,98,298,98,'2014-10-13 10:37:04'),(99,99,99,299,99,'1991-01-08 07:38:48'),(100,100,100,300,100,'2012-03-05 02:45:14');
/*!40000 ALTER TABLE `likes` ENABLE KEYS */;
UNLOCK TABLES;

--
-- Table structure for table `media`
--

DROP TABLE IF EXISTS `media`;
/*!40101 SET @saved_cs_client     = @@character_set_client */;
/*!40101 SET character_set_client = utf8 */;
CREATE TABLE `media` (
  `id` bigint(20) unsigned NOT NULL AUTO_INCREMENT,
  `media_type_id` bigint(20) unsigned NOT NULL,
  `user_id` bigint(20) unsigned NOT NULL,
  `body` text,
  `filename` varchar(255) DEFAULT NULL,
  `size` int(11) DEFAULT NULL,
  `metadata` longtext NOT NULL,
  `created_at` datetime DEFAULT CURRENT_TIMESTAMP,
  `updated_at` datetime DEFAULT CURRENT_TIMESTAMP ON UPDATE CURRENT_TIMESTAMP,
  PRIMARY KEY (`id`),
  UNIQUE KEY `id` (`id`),
  KEY `user_id` (`user_id`),
  KEY `media_type_id` (`media_type_id`),
  CONSTRAINT `media_ibfk_1` FOREIGN KEY (`user_id`) REFERENCES `users` (`id`),
  CONSTRAINT `media_ibfk_2` FOREIGN KEY (`media_type_id`) REFERENCES `media_types` (`id`)
) ENGINE=InnoDB AUTO_INCREMENT=101 DEFAULT CHARSET=latin1;
/*!40101 SET character_set_client = @saved_cs_client */;

--
-- Dumping data for table `media`
--

LOCK TABLES `media` WRITE;
/*!40000 ALTER TABLE `media` DISABLE KEYS */;
INSERT INTO `media` VALUES (1,1,1,'Suscipit laborum aspernatur est facere libero. Facilis doloribus molestias doloribus non vel amet. Omnis vero repellat exercitationem explicabo cumque aut voluptatem voluptatem. Quia sint nam earum.','ut',11017923,'c','2014-04-18 02:02:45','2004-05-16 19:58:58'),(2,2,2,'Odit ab sunt nihil dolorem sit porro. Rerum est sed sint sint enim non fuga. Et consectetur voluptatem velit sit.','in',31,'c','2020-03-13 05:01:11','2014-12-17 07:44:00'),(3,3,3,'Earum voluptate est molestias voluptatem eaque et quae. Labore et sit consequatur. Blanditiis rerum non perferendis facilis et deserunt.','aperiam',8,'c','1991-06-06 23:15:34','2004-06-20 18:01:49'),(4,4,4,'Earum et laudantium doloribus ratione et eligendi cumque. Reprehenderit repellat est minima quae sed. Accusantium asperiores eum tenetur sed officiis.','placeat',71,'c','1995-07-17 02:55:52','1987-09-14 10:13:48'),(5,5,5,'Natus amet enim officiis repudiandae perferendis et. Omnis sit magni quia consequatur ipsum.','ipsam',0,'c','1997-08-22 19:11:20','1981-01-10 10:12:43'),(6,6,6,'Praesentium voluptate sint commodi unde est earum recusandae qui. Ut rerum assumenda eveniet unde quis unde. Amet aut iste sapiente magnam voluptatem expedita sit. Libero nisi magni consequuntur error voluptates reiciendis.','tenetur',9772692,'c','1988-03-03 15:28:39','2015-07-09 15:20:21'),(7,7,7,'Nobis et rerum quaerat sint doloremque qui incidunt recusandae. Officiis eum vel delectus necessitatibus consequatur. Quo facere dolor accusantium qui iste.','harum',8831,'a','2005-08-11 23:01:09','1987-10-19 03:05:45'),(8,8,8,'Sed omnis eos rerum repudiandae est earum quae. Numquam aut aut corporis et. Ipsam minus aliquid vero labore et qui.','sit',2085,'a','2017-12-28 09:42:18','1985-12-02 21:00:16'),(9,9,9,'Aperiam iure non animi est doloremque tenetur dolore. Ratione dolores unde magnam placeat. Vero odio officia exercitationem ullam libero fugiat. Est rem soluta molestias.','et',679349,'a','2010-12-25 03:36:33','1971-07-24 13:20:20'),(10,10,10,'Praesentium laudantium voluptatem id eos at ut. Nam vel soluta ex consequatur eos rerum. Et ea ut voluptate cupiditate. Necessitatibus quo explicabo quasi facilis eius. Id eveniet tenetur dolor placeat perspiciatis animi consequuntur.','nihil',34,'b','1976-10-11 06:09:22','2006-09-29 11:41:47'),(11,11,11,'Omnis commodi qui delectus officia adipisci dolores tempore eius. Ipsam accusamus sunt quidem fuga. Rem aut quam quis aut.','dicta',49,'b','2004-11-30 06:45:16','1995-06-02 15:43:21'),(12,12,12,'Autem esse animi molestiae optio fugiat et. Omnis nihil modi quis consequuntur aut. Autem molestiae corporis doloremque dicta occaecati. Consequatur ipsum unde dolores aut eveniet.','nihil',0,'c','1974-01-23 04:41:30','2019-03-25 08:18:54'),(13,13,13,'Aspernatur aut atque accusamus animi. Vel reprehenderit deleniti eius. Est libero cupiditate asperiores sed laboriosam expedita cumque.','autem',6,'a','1998-04-28 16:23:53','1977-07-25 03:04:47'),(14,14,14,'Doloremque aspernatur consequuntur quibusdam incidunt iusto sint voluptas. Voluptates optio tenetur consequuntur aspernatur sunt veritatis. Id velit itaque assumenda aut praesentium. Voluptatem corporis placeat libero ut non tempore deserunt.','id',90896,'b','2018-08-14 22:23:00','1994-05-11 19:30:57'),(15,15,15,'Molestiae rem est possimus laudantium quo eum quasi. Sapiente natus iusto dolores qui. Reprehenderit repudiandae iste iusto omnis ut ratione accusantium.','quos',0,'a','1989-01-06 07:19:42','2017-05-19 00:06:30'),(16,16,16,'Sunt rerum provident voluptas earum. Delectus eos ut recusandae quidem necessitatibus in. Atque est amet aut et. Molestiae repellendus fugiat aliquam.','quis',5093,'a','1994-03-10 01:18:56','1982-09-21 10:44:04'),(17,17,17,'Voluptas ea rerum laborum accusantium eveniet voluptatem. Incidunt facilis est minus fuga voluptatum in. Ex velit praesentium ut non quisquam. Est sit rem aut recusandae.','beatae',1616503,'a','1974-06-30 21:45:34','1985-04-27 00:38:21'),(18,18,18,'Sed provident facilis laborum soluta ut. Consequatur inventore nulla dolore exercitationem doloremque aliquid. Similique vel iste aut molestiae.','omnis',0,'a','2001-01-23 03:43:46','2006-02-22 12:01:37'),(19,19,19,'Est architecto voluptatem aliquid nihil quisquam neque et. Aspernatur quo aut laborum consectetur excepturi. Quaerat alias dolores in non quia ea. Ullam et odio ut quas dolor quisquam.','fuga',9647,'c','2018-02-09 12:15:58','2007-04-12 08:43:32'),(20,20,20,'In nobis laboriosam qui iusto ullam. Qui occaecati quia eos eveniet sapiente omnis. Magnam animi et eos saepe voluptas odio praesentium.','qui',23609,'c','2009-06-09 19:12:13','1973-10-04 15:49:29'),(21,21,21,'Eligendi numquam magni consequuntur et eius. Perferendis veniam consequatur est placeat et possimus doloremque.','et',174311,'b','1990-05-18 11:15:54','2008-12-07 18:01:01'),(22,22,22,'Voluptate quasi impedit rerum quo molestiae eaque sapiente. Eos ut deserunt commodi totam ducimus sit. Numquam quasi dignissimos ad cupiditate voluptas iure odit omnis.','aut',1,'c','1975-11-15 21:04:48','1974-10-23 08:23:16'),(23,23,23,'Labore labore sed nobis possimus magnam. Aperiam est et aliquid. Dolores est incidunt error beatae quibusdam rem autem. Dolores voluptatem non velit quos iusto est ullam.','et',2238,'b','2019-06-23 00:10:15','1970-12-24 01:10:06'),(24,24,24,'Labore fugiat voluptatem mollitia corrupti. Nemo aperiam officia voluptatem neque maxime consectetur ut. Ut officia voluptatum voluptas dolores. Saepe odit animi dolorem ea facilis sint est.','doloribus',3,'b','2000-02-21 16:58:11','2016-02-14 23:36:23'),(25,25,25,'Eius quis non deleniti. Quis aperiam in veritatis veniam eos aut.','fugiat',3444,'b','1997-09-27 20:36:51','1973-01-08 17:01:09'),(26,26,26,'Numquam labore perferendis sed sed. Voluptatem quia cum eos distinctio. Earum sunt nobis qui itaque laboriosam officiis esse. Maiores minima soluta unde enim perferendis esse et.','deleniti',83325,'c','1995-05-20 13:00:30','2014-05-11 20:51:18'),(27,27,27,'Ipsa eum sit dignissimos dolorem. Quisquam facere accusantium ea natus. Deserunt dolor fuga dolorem.','id',9,'b','1975-07-21 15:58:05','2018-06-25 23:26:26'),(28,28,28,'Illo enim necessitatibus accusantium eligendi. Fugit laboriosam omnis voluptatem dolores voluptatem. Sed tempore quis quaerat aliquam rerum.','facilis',71004,'b','2013-05-26 04:51:58','2007-07-30 19:39:59'),(29,29,29,'Asperiores impedit recusandae omnis. Optio adipisci voluptatibus commodi nihil recusandae qui. Occaecati sint laboriosam totam laboriosam similique. Suscipit est temporibus ut quasi neque dolorum quia. Earum quam aliquam maiores occaecati in ducimus.','eius',2,'a','2015-09-24 06:15:27','2002-07-27 01:41:46'),(30,30,30,'Est id quis atque molestias consequatur quidem. Vero reiciendis provident vitae dolorem. Aperiam deserunt reiciendis voluptatem nulla.','debitis',404948,'b','2017-05-10 17:46:38','1974-07-01 00:53:41'),(31,31,31,'Magni omnis saepe cum praesentium illo quod. Consequatur aliquid labore eius corporis quia. Est autem omnis aut. Molestiae quae eligendi culpa natus rerum.','aut',29,'b','2010-07-28 06:22:11','2019-09-08 02:57:48'),(32,32,32,'Facere est asperiores porro in dolorem dolorem. Assumenda quia consequatur sint ipsum rerum non quod. Odit nisi vitae repudiandae qui in nostrum architecto. Cum unde eos aut veritatis quis.','rerum',8,'a','1999-02-15 11:51:58','1987-08-03 18:10:00'),(33,33,33,'Beatae quidem tempora veritatis. Atque eum nostrum et sunt. Enim dolor tenetur debitis debitis. Illum similique expedita adipisci rerum.','possimus',869046,'a','1970-09-14 22:15:36','2017-07-06 03:04:32'),(34,34,34,'Illum eos est ut esse minima laboriosam. Temporibus ut sunt accusamus adipisci. Voluptatem accusamus quos nulla id doloremque recusandae provident. Non esse sunt et maiores ducimus amet.','recusandae',83,'a','1977-03-29 03:30:23','2011-03-13 19:42:41'),(35,35,35,'Nihil aspernatur quia corrupti a magni itaque. Voluptatem occaecati non maiores consequatur eum dolores iste. Nobis dolor quaerat aspernatur.','reiciendis',937,'a','2009-05-02 22:59:00','1983-12-13 01:01:47'),(36,36,36,'Blanditiis possimus quis est tempora in similique. Sit dolor nihil praesentium officia. Unde magni aspernatur delectus omnis perferendis deleniti pariatur minima.','illum',8927868,'a','1981-03-23 06:41:41','1986-07-15 21:34:28'),(37,37,37,'Et nostrum iste et voluptatem. Ipsum nihil mollitia qui dolorem. Est velit omnis id recusandae.','ipsam',5,'b','1988-01-14 11:15:17','1974-10-07 11:40:20'),(38,38,38,'Veritatis aut voluptates maxime tempora sit et. Sit saepe ut eos assumenda officiis. Dolorum perspiciatis optio odio laudantium architecto mollitia.','ut',3459,'a','1985-08-07 14:57:09','2006-08-11 16:40:07'),(39,39,39,'Distinctio accusantium temporibus quae ut incidunt est. Ipsum fugiat aut et aut expedita sit iste doloribus. Laborum consectetur distinctio laudantium animi quo autem ut sapiente.','saepe',0,'c','1979-05-25 12:21:55','2012-09-06 06:45:33'),(40,40,40,'Dolor dolores eveniet suscipit quis est laudantium dolores. Eveniet temporibus aut nihil nisi cupiditate necessitatibus saepe. Voluptatum quisquam consequatur consequuntur debitis quia. Est cumque aliquid labore ex repellendus dolorum et.','assumenda',693670,'b','1987-03-09 04:05:00','1982-09-11 00:06:45'),(41,41,41,'Eos illo nisi aperiam. Voluptas modi iste ea voluptas eos sit. Sint beatae iure eos recusandae ad.','numquam',77371598,'c','1997-11-30 15:57:32','1989-01-23 02:06:25'),(42,42,42,'Sit blanditiis placeat quam ducimus. Autem vitae et fuga architecto. Voluptas rerum sit dolore. Dolorum aut velit laborum eligendi quibusdam commodi.','dolores',785,'a','1998-07-24 06:13:51','1999-09-17 18:04:39'),(43,43,43,'Molestiae sequi ipsum commodi quibusdam et. Blanditiis eum soluta quod optio.','eaque',244606,'a','1999-08-28 07:19:09','1996-08-23 23:05:07'),(44,44,44,'Unde asperiores dolore neque aut veritatis. Quaerat magni ratione vel dolor magnam autem. Dolorum odit necessitatibus placeat dolores dolore aut.','ut',2,'c','1990-02-25 15:06:26','2011-10-04 05:14:43'),(45,45,45,'Quo aliquid voluptatem quibusdam quis itaque. Beatae laudantium aut vel. Adipisci saepe fugiat autem aut officia voluptate.','est',57243,'a','2016-05-15 01:33:05','1989-07-26 10:39:27'),(46,46,46,'Tempore sint iure rerum dolorum. Quasi quo dolores voluptatibus dolorum. Fugiat qui unde ad sint. Iste est animi iure assumenda.','non',482,'a','1990-12-26 08:04:48','1999-12-24 00:48:50'),(47,47,47,'Vero aut consequatur ullam. Modi iusto numquam soluta repellat. Occaecati possimus dignissimos et doloribus iusto impedit modi.','corrupti',22,'a','2008-04-23 13:56:12','1976-08-08 23:16:54'),(48,48,48,'Commodi et rerum enim fugiat. Occaecati veritatis sequi nulla unde aut. Quam dicta dignissimos et nemo dignissimos totam non.','et',933812,'a','1974-04-07 09:43:45','1983-11-12 08:38:19'),(49,49,49,'Nam magni voluptatibus aut quisquam. Voluptate architecto voluptatem et qui qui. Beatae vero est repudiandae qui. Sit recusandae nesciunt voluptas dolor.','qui',57,'b','1976-10-29 12:13:54','1978-12-04 20:02:00'),(50,50,50,'Labore possimus sit quod est ut necessitatibus error. Porro fugit sunt amet et molestiae aliquam et. Quis natus accusamus culpa.','qui',22017,'c','2007-06-12 15:28:09','2002-01-28 10:29:48'),(51,51,51,'Impedit nemo quod aut neque vero odio. Magnam sed sit iusto cumque saepe. Quo sunt ut qui beatae quidem non eos.','soluta',19,'b','2018-07-26 19:44:15','1998-06-16 16:22:03'),(52,52,52,'In tempore soluta facilis a id quod beatae. Eius in iure natus unde natus fuga nam. Cupiditate eum recusandae numquam.','temporibus',9316951,'a','2017-06-05 00:00:00','2015-07-07 03:35:51'),(53,53,53,'Deleniti labore sint est quibusdam et ipsa. Molestias et et eos consequatur. Sed et sapiente eum.','asperiores',417,'a','1989-04-28 12:17:14','2005-02-19 19:47:58'),(54,54,54,'Sit ducimus nisi et dolorem. Officiis sequi esse voluptatem ea. Aspernatur repudiandae dolores est delectus.','mollitia',48,'b','1993-01-10 12:44:02','1974-04-22 18:58:11'),(55,55,55,'Vitae in ipsa architecto quis. Itaque nam veniam cumque. A autem totam laborum ipsam. Sint qui incidunt necessitatibus culpa quasi sunt odio.','temporibus',84667,'c','2000-09-18 20:00:13','2017-10-19 21:03:40'),(56,56,56,'Ut aliquid et ipsa aperiam sed ut eveniet. Sint rerum omnis dolorem voluptas aperiam nihil eos. Rerum dolorem odio modi dolorem commodi. Consequatur sed voluptas eaque sint aperiam quisquam quo.','iusto',4,'a','1983-07-09 10:38:39','1991-02-03 20:30:28'),(57,57,57,'Eum placeat deleniti dolore. Velit est non illum eum ipsum.','repellendus',876845475,'c','1985-09-06 05:26:00','2007-09-01 02:48:20'),(58,58,58,'Voluptas optio qui quae rerum fugit distinctio eveniet vitae. Aut asperiores ducimus nam. Aut omnis ab quia amet expedita.','omnis',212068,'b','2014-09-22 05:27:35','2015-04-07 07:38:09'),(59,59,59,'Velit eaque similique ullam vero tempore a dolorem. Ea quia dolore enim tenetur eos. Reiciendis nihil ut quo eius fugiat. Eum adipisci dolor sed qui minima temporibus consequatur.','blanditiis',68800620,'b','2020-02-14 10:50:50','2000-07-16 14:16:59'),(60,60,60,'Eveniet aut aliquam quo inventore. Quisquam aut dignissimos similique odit. Et et ut voluptatem et et. Laboriosam dolore non quaerat rem exercitationem dolores.','assumenda',0,'b','1984-12-08 19:14:59','1993-12-08 07:42:51'),(61,61,61,'Vel corrupti repellat et tempore. Eveniet qui dolores aut et possimus eos eos ad. Et consequatur minima vitae labore voluptatem odio. Est tempore nesciunt porro ea qui.','enim',0,'a','2013-12-05 08:46:41','1984-12-11 06:40:39'),(62,62,62,'Nesciunt optio dolorum aut odio ratione. Non dolore aliquid quis et quia ut.','et',4986,'c','1974-03-24 19:27:42','1989-11-20 17:40:16'),(63,63,63,'Atque sunt voluptatibus eveniet harum quia. Ut atque est assumenda quia non. Eos et iusto laborum omnis eos.','officiis',171,'c','2001-12-05 17:02:23','1971-02-16 00:31:58'),(64,64,64,'Quas eum neque non animi consectetur enim non. Repellendus perspiciatis id explicabo. Fugiat sint quasi mollitia quidem ullam. Aperiam dolorem voluptatum non ex cumque.','repudiandae',512379,'c','1975-10-07 12:14:41','1974-12-07 23:13:37'),(65,65,65,'Voluptatibus qui laboriosam dignissimos. Non nihil ut ipsam ad.','recusandae',792,'a','1989-06-22 16:05:32','1970-07-06 03:45:23'),(66,66,66,'Ut repudiandae sit alias sit iure. Ut nesciunt soluta aut dicta consequatur. Exercitationem reiciendis ipsum non tempora est occaecati dolore. Qui occaecati pariatur perferendis ea et.','unde',8,'b','1980-06-07 01:45:21','1975-03-12 21:58:33'),(67,67,67,'Qui ut optio pariatur nobis. Sit sit deleniti optio sunt inventore. Expedita corporis amet eaque sint consectetur et ducimus. Voluptatibus est voluptatem ut.','voluptates',6163,'b','1998-12-02 07:28:27','1996-06-25 09:50:53'),(68,68,68,'Odit nisi quae neque iste vero. Atque suscipit autem quae quam. Et quos placeat voluptatum ipsum.','ipsum',280417,'c','2016-05-04 19:05:36','2008-08-30 02:11:14'),(69,69,69,'Ut enim repellendus tempore ea officia sint. Veritatis molestias laudantium voluptas itaque minima est quisquam. Ut fugit et tenetur sit illum aut.','dolorem',353211638,'a','1996-01-22 23:33:30','1989-12-10 10:43:54'),(70,70,70,'Est quia rem commodi sit. Quia quod voluptatem consequatur. Nesciunt doloremque facere eaque natus ea vel. Soluta ab eum iusto quis et ut et sunt.','veritatis',0,'c','1979-08-24 15:54:57','2018-06-18 07:38:06'),(71,71,71,'Accusamus placeat aspernatur qui qui fuga ducimus nisi consectetur. Dignissimos voluptatem culpa tempore perspiciatis aut. Commodi dignissimos inventore aut praesentium aut tenetur facilis.','est',888959567,'c','1991-10-31 17:45:12','2008-07-24 08:33:02'),(72,72,72,'Saepe iure iste a ut quod sunt. Tenetur laudantium non ullam libero. Cupiditate voluptatibus sunt eius. Quaerat magni consequuntur voluptatem quia sit et facere. Provident in debitis velit error.','qui',62395884,'b','2012-12-24 14:36:33','2001-07-31 22:17:30'),(73,73,73,'Quos et aut incidunt earum iste. Rem modi occaecati voluptatem et enim officiis. Est sit enim omnis ea error suscipit.','praesentium',49,'c','2002-04-03 22:50:44','1990-06-13 02:28:01'),(74,74,74,'Voluptatem sint rerum nulla incidunt. Molestias occaecati cum in maxime. Ipsam dolorem deserunt molestiae dolore. Repellat nulla dignissimos non et optio ut.','aut',69952797,'b','1970-02-28 08:30:10','2015-09-20 02:23:48'),(75,75,75,'Tenetur aperiam praesentium omnis et iure dolorem occaecati. Ea molestiae numquam aliquid atque repellat iste aut. Ipsum laboriosam voluptas accusamus est ut fugit suscipit.','quia',2542,'c','1986-04-20 15:49:15','2018-05-09 10:23:43'),(76,76,76,'Eligendi qui doloribus hic rem nihil sunt non ut. Quis quaerat ratione aliquid dolores ratione dolorum quia. Ratione harum non quis sint molestias unde.','ut',0,'c','1981-07-20 21:47:58','1998-07-05 00:09:10'),(77,77,77,'Amet natus et voluptate. Et molestiae et debitis quasi maiores soluta. Eligendi ut magnam inventore nam quas quo. Et omnis adipisci ratione nisi.','labore',481,'c','1998-06-19 14:24:34','2017-07-17 22:18:54'),(78,78,78,'Quia aut earum molestias aut neque. Rerum nihil ea sint id. Assumenda eos quae fugit voluptas quidem sit laboriosam.','alias',59478403,'c','1986-02-18 12:27:51','1996-02-08 16:15:24'),(79,79,79,'At vel sit est voluptatibus atque. Est perferendis cupiditate est quia est quibusdam est odit. Dolores a laborum explicabo hic rem id. Totam sint magnam dolorem adipisci.','perspiciatis',5,'c','2006-04-09 21:58:27','2019-06-23 06:41:37'),(80,80,80,'Reprehenderit et modi et quibusdam. Cumque omnis maiores id provident. Enim temporibus nisi est adipisci ipsa consequatur modi laboriosam. Incidunt animi velit molestias officiis quam id vel.','soluta',23241701,'c','1982-09-12 06:41:22','1979-12-18 09:21:55'),(81,81,81,'Facere et nihil eveniet dolores adipisci ipsa deserunt in. Voluptas eos ducimus harum est. Reprehenderit quis impedit labore doloribus.','dolorem',481,'c','1990-12-15 20:45:53','1986-03-04 16:23:39'),(82,82,82,'Ex id unde non qui qui eaque dolorem. Molestiae ut voluptatum itaque est. Dicta in laboriosam nobis aut eos. Aut dolorum nihil omnis illo sint.','minima',95,'b','2012-06-25 05:17:20','1997-07-06 12:43:32'),(83,83,83,'Velit adipisci consequatur voluptatem adipisci. Reiciendis est esse quo minima numquam. Animi rerum voluptates totam dolor asperiores ut.','assumenda',952,'b','1995-07-26 08:10:34','1993-03-23 09:08:28'),(84,84,84,'Quo laboriosam est assumenda rem et voluptates quas. Sit repellat odit velit molestias et placeat aliquam voluptatibus. Sunt voluptatem sed sunt. Rem iure neque debitis necessitatibus.','qui',29839999,'a','2014-02-13 16:50:15','1978-12-01 02:16:09'),(85,85,85,'Perspiciatis ex animi sed. Enim laboriosam dolore culpa modi. Amet et fugit provident vitae. Mollitia laboriosam ut dolor officia ipsum quo itaque. Recusandae sed dolor omnis ut.','qui',7,'c','1978-12-03 17:58:20','2000-07-30 17:06:30'),(86,86,86,'Nihil rerum aliquid nobis ad ex. Quo pariatur sed est placeat aut. Numquam quo laborum id perspiciatis porro. Delectus sit recusandae voluptatem quibusdam non id.','culpa',33,'c','1994-05-27 19:10:12','1979-10-17 17:04:35'),(87,87,87,'Deserunt nisi et consequatur non eum. Vitae libero et nihil dignissimos dolor. Repellat error rerum aut vel quo dolorum suscipit sequi. Nemo rerum fugit et culpa natus quo hic.','voluptatem',171996665,'c','2003-02-22 09:34:20','1992-06-01 11:28:56'),(88,88,88,'In maxime cupiditate ut nisi placeat aspernatur. Ut tenetur quia exercitationem. Soluta quis nihil velit doloribus.','accusantium',896,'b','1993-06-01 05:16:35','2015-12-16 19:32:27'),(89,89,89,'Consequuntur consectetur commodi voluptatibus a et tenetur placeat. Sit dolorem ut magni voluptatem omnis voluptas placeat.','ducimus',93,'c','2018-10-24 05:04:15','1997-03-16 10:45:33'),(90,90,90,'Sunt consequatur iste eum numquam facilis neque quia. Voluptate quia nihil fuga esse cumque porro sed. Autem qui qui asperiores dicta non. Et quod illo nobis in odit animi.','ratione',88429,'c','2004-08-07 10:29:17','2002-05-21 03:07:08'),(91,91,91,'Provident quibusdam et dicta velit veniam. Excepturi consequatur ab ut sint sunt reiciendis eaque deserunt. Provident adipisci magni dolorem velit eaque.','assumenda',0,'a','2007-11-13 16:07:15','1973-08-03 23:51:42'),(92,92,92,'Earum alias numquam est quas ut. Rerum sequi aut ut mollitia neque commodi quas. Quae nobis quod ipsum et.','dignissimos',2525220,'b','2007-08-06 17:46:10','2017-03-26 06:42:30'),(93,93,93,'Repellendus nesciunt incidunt et molestiae animi. Optio voluptas voluptas aperiam nostrum facere veritatis veritatis.','non',2126656,'b','1970-05-26 03:06:01','1996-03-17 17:51:37'),(94,94,94,'Explicabo laudantium facilis molestias sed sit qui. Qui rerum dolor voluptatem rerum. Quia commodi labore dolores porro quam vero.','voluptatem',87,'b','1973-05-13 04:11:09','1993-04-23 23:49:45'),(95,95,95,'Dolores beatae corporis pariatur est. Autem dolorem recusandae recusandae rerum quisquam modi provident. Eius similique possimus nobis blanditiis. Natus consequatur ea et mollitia error ducimus nam.','qui',24,'a','1981-04-03 22:32:04','1976-10-13 22:38:35'),(96,96,96,'Assumenda ut fuga accusamus. Vel sed non illum repellat at. Magnam alias magni dicta exercitationem.','deleniti',11758,'b','1993-07-07 21:21:53','2009-09-24 06:01:47'),(97,97,97,'Ea autem nihil nisi odit ut. Et nisi quibusdam minima repellat impedit aspernatur. Ea impedit eius cumque in quia at molestias.','molestias',3,'a','1981-03-13 21:21:37','1971-04-06 00:32:13'),(98,98,98,'Nulla dignissimos aut sed corrupti quasi. Mollitia numquam in et minima. Non tempora nemo veritatis distinctio.','provident',8747,'c','1984-02-22 00:45:04','1992-01-13 16:59:22'),(99,99,99,'Iste eligendi totam vitae. Nihil quibusdam itaque id. Voluptatibus sequi ex eos. Quod a odio et.','architecto',738,'b','1988-04-12 03:17:07','2001-08-06 03:45:59'),(100,100,100,'Corporis deleniti sed assumenda tenetur. Voluptatem accusantium modi aliquam optio. Non repellat aut suscipit enim aut animi.','fugiat',86349,'c','2015-11-08 05:27:12','1999-11-29 08:47:42');
/*!40000 ALTER TABLE `media` ENABLE KEYS */;
UNLOCK TABLES;

--
-- Table structure for table `media_types`
--

DROP TABLE IF EXISTS `media_types`;
/*!40101 SET @saved_cs_client     = @@character_set_client */;
/*!40101 SET character_set_client = utf8 */;
CREATE TABLE `media_types` (
  `id` bigint(20) unsigned NOT NULL AUTO_INCREMENT,
  `name` varchar(255) DEFAULT NULL,
  `created_at` datetime DEFAULT CURRENT_TIMESTAMP,
  `updated_at` datetime DEFAULT CURRENT_TIMESTAMP ON UPDATE CURRENT_TIMESTAMP,
  PRIMARY KEY (`id`),
  UNIQUE KEY `id` (`id`)
) ENGINE=InnoDB AUTO_INCREMENT=101 DEFAULT CHARSET=latin1;
/*!40101 SET character_set_client = @saved_cs_client */;

--
-- Dumping data for table `media_types`
--

LOCK TABLES `media_types` WRITE;
/*!40000 ALTER TABLE `media_types` DISABLE KEYS */;
INSERT INTO `media_types` VALUES (1,'non','2017-05-25 14:21:21','2002-10-22 04:03:24'),(2,'facere','1982-01-22 04:56:22','2011-01-08 10:20:56'),(3,'velit','2017-03-26 20:56:03','2012-10-23 08:57:41'),(4,'sit','1981-09-14 18:59:24','1981-10-06 10:29:25'),(5,'dolore','1977-12-08 05:06:52','1991-06-29 03:57:22'),(6,'placeat','1981-06-13 06:02:53','2009-03-03 17:59:22'),(7,'qui','1996-07-14 09:03:37','1994-01-24 14:53:17'),(8,'sed','2018-10-15 03:50:43','1989-12-19 11:17:45'),(9,'autem','2009-01-15 19:39:45','1987-05-22 21:41:25'),(10,'quia','2009-12-26 20:25:18','1982-10-24 22:21:23'),(11,'corrupti','2016-06-11 23:19:09','2008-08-30 06:17:42'),(12,'velit','1997-09-21 22:32:02','1978-10-28 16:54:55'),(13,'modi','1970-04-03 20:52:00','1985-02-15 16:40:35'),(14,'optio','1998-07-15 03:03:55','1989-06-07 14:20:41'),(15,'dolores','1999-02-15 11:52:21','1983-04-20 17:01:51'),(16,'voluptatum','1970-04-04 05:01:18','2007-06-15 04:28:21'),(17,'qui','1999-02-10 04:17:57','1972-06-29 14:37:12'),(18,'iste','1982-02-05 17:41:00','2002-07-12 12:11:51'),(19,'ipsum','1984-11-26 04:29:42','2013-12-18 14:59:51'),(20,'ea','1977-12-06 20:40:54','2012-10-03 20:30:28'),(21,'maxime','2004-10-17 10:14:37','1986-03-23 19:51:56'),(22,'sit','1981-05-10 05:15:35','1975-03-09 01:28:49'),(23,'est','2004-07-13 18:27:39','1976-12-29 06:09:25'),(24,'placeat','2006-09-07 03:05:44','2008-10-17 14:46:32'),(25,'labore','2007-08-15 22:28:15','1998-10-28 02:48:54'),(26,'dolores','1982-09-02 14:18:06','2014-02-25 11:59:15'),(27,'voluptatem','2007-03-18 22:43:00','1994-07-20 01:05:36'),(28,'quos','2008-06-28 15:59:26','1976-07-16 08:44:44'),(29,'sapiente','2005-01-06 18:23:24','1981-08-12 23:23:39'),(30,'et','2016-03-06 04:45:38','1974-02-22 05:01:10'),(31,'et','2011-04-23 07:06:09','2017-02-17 20:43:21'),(32,'amet','1999-06-18 02:19:17','2017-03-08 10:31:21'),(33,'cumque','2010-11-04 19:51:07','1973-03-05 14:28:04'),(34,'esse','1978-04-30 03:47:56','1990-10-17 20:04:43'),(35,'natus','2016-05-13 17:02:34','2000-11-13 16:55:15'),(36,'et','1977-01-05 04:59:32','1977-08-01 14:57:30'),(37,'omnis','1999-09-03 14:18:51','1995-06-14 01:23:58'),(38,'adipisci','2016-10-09 13:27:49','2017-05-18 13:16:44'),(39,'debitis','1998-02-07 09:58:59','1971-12-18 23:12:07'),(40,'necessitatibus','2001-04-23 19:09:24','2003-12-01 13:30:06'),(41,'est','1983-11-21 20:06:39','1994-12-25 16:03:33'),(42,'vero','1979-04-26 02:15:12','2004-09-19 16:26:59'),(43,'officia','2000-09-26 09:42:29','2009-11-12 07:47:09'),(44,'aut','1990-04-13 18:30:05','2002-10-16 04:43:13'),(45,'est','1970-08-27 03:44:53','1972-10-25 20:58:47'),(46,'vitae','2019-07-20 19:55:40','1990-03-27 15:52:22'),(47,'et','1981-02-09 17:51:37','1977-11-14 01:00:08'),(48,'ea','1987-06-22 04:39:52','1990-04-23 09:12:36'),(49,'aut','1995-11-14 19:37:20','1989-11-28 19:11:46'),(50,'nisi','1986-11-13 10:53:31','1972-10-08 18:02:29'),(51,'harum','2001-07-18 16:50:32','1992-11-04 01:39:36'),(52,'ad','1999-09-27 08:05:12','1986-04-08 07:07:13'),(53,'illo','1993-02-26 00:04:38','2006-05-04 16:21:14'),(54,'qui','1996-02-05 22:50:29','2009-03-09 00:00:14'),(55,'totam','2018-05-25 08:00:24','1971-08-15 09:34:32'),(56,'natus','1980-02-01 01:10:50','1975-02-27 01:52:51'),(57,'eos','1993-01-10 23:26:20','1975-07-19 08:43:35'),(58,'voluptatem','1994-01-12 23:26:08','2003-03-05 03:35:50'),(59,'molestiae','2009-04-28 06:50:46','1994-04-14 17:53:50'),(60,'quaerat','1990-03-06 23:45:06','1985-11-06 07:26:44'),(61,'dignissimos','2012-07-05 16:06:26','1976-03-26 01:59:29'),(62,'consequatur','1991-08-07 06:44:30','1999-07-02 05:44:50'),(63,'cumque','1987-05-04 06:21:32','1985-04-27 07:52:20'),(64,'adipisci','2019-04-12 18:39:11','1987-10-01 08:55:22'),(65,'vitae','2011-04-19 23:42:40','2009-06-13 09:54:21'),(66,'in','2015-10-13 04:56:02','2011-06-03 05:35:44'),(67,'omnis','2006-05-20 15:37:50','1975-09-08 22:31:35'),(68,'molestiae','1972-01-03 14:01:46','1989-03-03 06:04:07'),(69,'nam','1986-10-15 14:30:27','1993-07-25 09:41:49'),(70,'et','2015-06-22 19:11:35','1992-08-03 18:12:49'),(71,'molestias','2019-04-01 18:08:40','2006-08-06 19:28:33'),(72,'nobis','2009-03-18 22:28:12','1979-09-29 09:31:13'),(73,'sint','1991-10-15 15:02:52','1984-03-03 20:58:08'),(74,'est','2000-10-24 13:25:09','2019-09-30 21:32:09'),(75,'fuga','1981-08-29 01:15:22','1979-06-13 07:48:22'),(76,'ut','2016-02-08 09:48:39','2018-08-07 10:33:17'),(77,'incidunt','2009-02-08 17:17:00','2012-12-08 22:48:52'),(78,'doloremque','1994-03-12 18:07:03','2000-02-01 04:25:41'),(79,'tempora','1990-11-11 13:39:46','1990-08-05 21:07:09'),(80,'excepturi','1972-11-07 10:39:57','1977-05-21 00:40:19'),(81,'nostrum','2001-04-05 00:17:07','2015-08-14 09:32:19'),(82,'ab','1978-12-21 05:50:13','1974-09-07 01:47:23'),(83,'perspiciatis','1980-12-14 07:13:54','1996-03-22 22:52:18'),(84,'est','1994-01-02 11:12:21','1971-02-26 07:22:53'),(85,'et','1975-06-16 01:54:37','2017-10-22 14:50:22'),(86,'quia','1994-08-20 04:19:59','1999-12-01 21:38:02'),(87,'nisi','2019-09-20 16:32:48','1975-05-27 06:20:38'),(88,'perferendis','2003-05-23 17:34:17','2020-03-03 04:41:21'),(89,'fugit','1999-05-15 05:37:55','2019-03-17 06:53:39'),(90,'est','1980-02-02 19:13:03','1985-08-04 23:34:43'),(91,'fuga','1994-02-24 02:58:09','1990-01-12 20:59:22'),(92,'voluptas','1979-12-28 20:01:06','1972-01-18 13:49:43'),(93,'et','1984-01-06 17:24:18','1980-07-14 23:18:52'),(94,'tempora','1986-06-29 13:46:24','2006-05-27 06:44:26'),(95,'perferendis','1994-09-26 12:08:22','1985-10-19 03:33:43'),(96,'rerum','1995-08-05 19:12:58','1997-10-13 01:42:35'),(97,'molestias','1972-01-18 01:10:31','2004-05-26 07:26:39'),(98,'sunt','2018-01-25 05:49:26','1999-05-16 19:36:52'),(99,'dolorem','1971-11-03 19:53:54','1990-02-12 05:54:20'),(100,'enim','2008-07-21 20:03:09','1976-12-31 19:57:43');
/*!40000 ALTER TABLE `media_types` ENABLE KEYS */;
UNLOCK TABLES;

--
-- Table structure for table `messages`
--

DROP TABLE IF EXISTS `messages`;
/*!40101 SET @saved_cs_client     = @@character_set_client */;
/*!40101 SET character_set_client = utf8 */;
CREATE TABLE `messages` (
  `id` bigint(20) unsigned NOT NULL AUTO_INCREMENT,
  `from_user_id` bigint(20) unsigned NOT NULL,
  `to_user_id` bigint(20) unsigned NOT NULL,
  `body` text,
  `created_at` datetime DEFAULT CURRENT_TIMESTAMP,
  PRIMARY KEY (`id`),
  UNIQUE KEY `id` (`id`),
  KEY `messages_from_user_id` (`from_user_id`),
  KEY `messages_to_user_id` (`to_user_id`),
  CONSTRAINT `messages_ibfk_1` FOREIGN KEY (`from_user_id`) REFERENCES `users` (`id`),
  CONSTRAINT `messages_ibfk_2` FOREIGN KEY (`to_user_id`) REFERENCES `users` (`id`)
) ENGINE=InnoDB AUTO_INCREMENT=101 DEFAULT CHARSET=latin1;
/*!40101 SET character_set_client = @saved_cs_client */;

--
-- Dumping data for table `messages`
--

LOCK TABLES `messages` WRITE;
/*!40000 ALTER TABLE `messages` DISABLE KEYS */;
INSERT INTO `messages` VALUES (1,1,1,'Velit quisquam non esse est. Qui incidunt necessitatibus ut consequatur natus debitis nam. Culpa ad officiis in. Sequi illum aperiam quia a aut autem debitis.','2004-05-30 13:39:19'),(2,2,2,'Id veniam qui sequi dicta perferendis. Aliquid at quo officia unde voluptas. Reprehenderit assumenda aperiam laborum est voluptates eligendi. Voluptas natus quia non quis.','2001-08-02 20:16:16'),(3,3,3,'Sunt laudantium quos debitis praesentium. Earum architecto adipisci tempora quis ut. Sunt sed voluptas neque voluptatum. Soluta soluta impedit ea atque cupiditate repellendus rerum.','1995-05-30 11:43:58'),(4,4,4,'Rerum natus distinctio molestiae consequatur nesciunt ut voluptatem molestias. Incidunt consectetur harum ducimus animi voluptatem voluptas ea quia. Pariatur harum culpa dolorem cupiditate rem distinctio quia. Facilis perferendis at enim quo magnam.','2000-09-29 09:55:29'),(5,5,5,'Eaque distinctio sint quam quia. Qui dignissimos ad quos velit et quod. Accusamus illo velit saepe nobis quas quae placeat.','1973-08-12 11:02:16'),(6,6,6,'Labore labore qui quia eligendi quia esse ut. Voluptas quia ea ut corrupti id mollitia qui. Molestiae corporis similique temporibus officiis.','1971-11-04 18:23:05'),(7,7,7,'Et et omnis sed quo alias inventore sequi. Consequatur alias rerum similique rerum delectus voluptatibus. Rerum ut illo iure eum deserunt perferendis. Qui ex et rerum consequuntur sint vitae nulla.','2003-01-30 11:58:43'),(8,8,8,'Deleniti eos tempora dicta. Aliquid sed a ab. Dolor doloribus nulla reprehenderit magni.','1995-06-11 13:45:50'),(9,9,9,'Ducimus inventore aliquam aut mollitia vel commodi dolor dignissimos. Ut incidunt necessitatibus eos qui culpa incidunt. Impedit sunt voluptatum quos at dolore nesciunt. Molestias sequi saepe excepturi tenetur ut eaque.','2006-01-26 08:02:19'),(10,10,10,'Et et vel sed officiis ea cum itaque ab. Nesciunt cupiditate et numquam atque dolorum aut. Quaerat quia quia sit ea itaque aliquam.','1980-11-27 19:35:32'),(11,11,11,'Molestiae tempora soluta enim rem et. Enim ut nesciunt at minus voluptatibus illum possimus.','1982-04-13 07:38:01'),(12,12,12,'Excepturi pariatur voluptatum et numquam. Veritatis at labore qui ipsa. Facere eum praesentium dolor quos repellendus.','1986-09-28 14:43:16'),(13,13,13,'Dolores amet nemo sit sunt exercitationem quia dolores. Nam tempora commodi et et tempore ea consequatur.','1977-07-05 22:32:10'),(14,14,14,'Autem repellendus perspiciatis ut repellendus ullam veniam. Sunt sed dolores cum eius odio et cum laudantium. Doloribus quis sunt fuga laudantium dolorem harum occaecati. Eum veritatis et excepturi vel explicabo eaque laboriosam.','1976-07-31 15:39:00'),(15,15,15,'Consequatur libero repudiandae et. Iusto est distinctio impedit quo repellat rerum reprehenderit. Architecto velit accusantium odio exercitationem unde. Quos cupiditate sed earum quibusdam unde.','1989-10-13 08:17:27'),(16,16,16,'Ipsum accusantium suscipit odio ullam. Iusto facilis sed quod commodi consequatur ullam quia. At assumenda quibusdam ratione fugit rerum voluptatum provident.','1990-03-10 11:43:12'),(17,17,17,'Ut sint dolorem eaque ut architecto quaerat assumenda. Enim animi inventore vero sunt. Voluptas facere rerum fugit molestiae laboriosam dolorem. Tenetur modi vitae explicabo quisquam nisi recusandae recusandae ad.','1982-03-30 18:18:17'),(18,18,18,'Eius consequatur alias hic dolorem non aut possimus. Veniam placeat repellendus incidunt quo reiciendis suscipit quia velit. Eaque repellendus dolor quo fugiat id. Voluptates cupiditate optio non qui vel.','1983-08-01 02:33:15'),(19,19,19,'Rerum beatae qui quo tempore qui vel et. Nihil iusto dolores et itaque officiis ut. Eos et tempore veniam quod voluptates.','2004-04-06 19:31:19'),(20,20,20,'Blanditiis quisquam laborum repudiandae voluptatem libero consectetur. Aliquid nobis eum odio ut omnis. Magni eaque quia impedit sunt quasi est. Corporis adipisci suscipit blanditiis et.','2018-04-02 10:13:12'),(21,21,21,'Distinctio molestiae sit reprehenderit omnis. Officia libero excepturi est quam dolorem ab ut. Sed nobis est et.','2003-10-14 06:46:33'),(22,22,22,'Impedit repellat vitae cumque qui atque. Iure occaecati ut praesentium veniam sint ipsa perspiciatis. Quisquam fuga pariatur sunt sit dolorum aliquid. Inventore dolores in quibusdam quo et dolore.','1991-10-22 11:47:17'),(23,23,23,'Ex pariatur vel quia autem ea. Vel aut tenetur quo velit consectetur dolor. Facere nobis omnis vel aut eius officiis.','1975-03-02 04:36:41'),(24,24,24,'Et dolores ratione omnis ipsam ipsam magnam voluptate est. Omnis quas sit et vero. Laudantium illo nisi aliquam in dolores. Qui reprehenderit voluptatibus officia saepe vitae.','1983-01-12 15:48:20'),(25,25,25,'Quis voluptatem maiores libero eum deleniti reprehenderit. Molestiae molestiae id ut earum sunt accusamus. Ipsum vero harum rem fugiat rerum iure magni. Et illo est fugit porro voluptas in.','2010-11-07 22:04:23'),(26,26,26,'Atque quas qui ea enim nemo aut mollitia illo. Voluptatem rerum perspiciatis incidunt et omnis. Quaerat qui quod aut neque ab libero sed.','1990-07-11 01:30:57'),(27,27,27,'Qui aspernatur accusantium aut magnam quod cum laborum. Perspiciatis quam ut perspiciatis hic magni voluptatum. Quia eum in animi quam. Deleniti quasi nemo praesentium at.','1984-07-30 03:10:11'),(28,28,28,'Quia libero voluptas placeat minima. Veniam excepturi maxime laudantium nemo nisi. Accusantium aut nostrum ea consequuntur. Porro laudantium minima veniam aliquid nihil consequatur soluta.','1978-08-27 14:11:12'),(29,29,29,'Vitae assumenda dolorem est ut aut repudiandae est. Soluta sunt quos necessitatibus expedita eligendi quis. Voluptates modi accusantium facilis. Exercitationem quam repudiandae soluta fuga nostrum dicta impedit.','2001-12-25 00:19:30'),(30,30,30,'Ut iste repellat repellendus est eos fuga. Laboriosam sed et eius quibusdam et fugit perferendis eveniet.','2006-09-02 17:52:38'),(31,31,31,'Labore recusandae sit est accusamus. Totam sit quidem id incidunt laboriosam accusantium id animi. Et earum temporibus amet nemo minima aut. Veritatis cum dolore repellat aut.','2016-07-27 17:50:31'),(32,32,32,'Fugit quia quasi et. Hic iure ad ea beatae quia aut. Ipsa ea molestias doloremque cumque dolorem similique cum. Eveniet cum aspernatur ut libero unde.','2020-03-29 12:01:15'),(33,33,33,'Aut ut est quam iure inventore. Aut quia sapiente aut cum recusandae consequatur. Asperiores ab quas temporibus repellat.','2011-05-21 09:55:12'),(34,34,34,'Nostrum impedit in a itaque nihil. Est et eum quibusdam deleniti. Omnis eaque aut voluptatibus voluptatum ipsam harum dicta corrupti. Voluptatum quod ut tempore ullam praesentium.','2009-09-18 08:16:07'),(35,35,35,'Molestias temporibus qui voluptatum blanditiis nobis soluta. Et at enim aperiam fuga sit non.','2010-12-11 01:02:07'),(36,36,36,'In quia qui recusandae officia consequuntur accusamus dignissimos. Iste enim nihil tempora nam dolore. Eaque id commodi consequatur ullam non hic possimus.','1979-11-26 23:44:25'),(37,37,37,'Itaque iusto quod totam perspiciatis tenetur dicta. Asperiores laboriosam nihil quos qui ipsa sit corporis iure. Quos veniam ea est dolores totam consequuntur. Placeat tempora ut omnis magni tempore voluptas quia.','2018-01-22 10:40:58'),(38,38,38,'Iste est eos dolores. Et quo magnam iste reiciendis voluptatibus. Illum sapiente unde quos voluptatum et sunt pariatur. Quia nam consectetur eveniet.','2003-04-17 13:44:26'),(39,39,39,'Rerum minima aperiam quos magni non deserunt. Sed assumenda quibusdam perspiciatis voluptatem. Maiores distinctio labore commodi quia sint.','1973-04-29 22:35:13'),(40,40,40,'Harum fuga eveniet beatae voluptas non sed beatae. Quam ab maxime nam corrupti culpa vero optio at.','1988-11-25 17:19:42'),(41,41,41,'Debitis impedit omnis mollitia ullam pariatur. Error aliquid harum perferendis voluptas magni aspernatur. Libero ratione omnis iusto consequuntur itaque accusamus cum.','1999-12-09 14:18:08'),(42,42,42,'Iusto sit maiores enim. Esse est minus id velit tenetur. Vitae rem nisi quo unde harum. Laudantium ad aperiam atque. Pariatur molestiae explicabo nisi quia aut.','1991-11-10 17:45:12'),(43,43,43,'Dolore animi assumenda eum impedit. Similique qui veniam repudiandae incidunt magnam temporibus. Deleniti eius dolores odio optio. Numquam sed laboriosam commodi.','1989-12-29 08:11:29'),(44,44,44,'Tempore sed illum qui quo aperiam omnis. Quis dolor veniam sed consectetur id.','2007-02-07 08:48:07'),(45,45,45,'Iusto iste est illo eaque magni repudiandae sed. Nam quia quis nemo corrupti fugit illo. Et assumenda deleniti odio ullam placeat.','1975-12-11 08:30:39'),(46,46,46,'Temporibus voluptatem quas accusantium quia amet nisi voluptatem perspiciatis. Sunt eos eligendi et consequatur voluptas neque. Rem velit et molestiae in.','2010-02-13 01:18:17'),(47,47,47,'Iusto aspernatur necessitatibus et. Autem ipsum quis sed rem numquam eaque nemo quasi.','1973-09-14 18:28:03'),(48,48,48,'Quia occaecati enim iure sint culpa assumenda culpa nobis. Perspiciatis qui voluptas quos et necessitatibus. Incidunt mollitia id in quia est error dignissimos sit.','1992-10-19 13:52:00'),(49,49,49,'Libero ullam quidem placeat saepe vel. Numquam nesciunt voluptatem voluptate consequatur est. Odio eos id reiciendis eius non corrupti. Rerum est minus ut quasi omnis accusantium neque. Rerum animi et quibusdam inventore voluptas.','1970-01-30 03:01:01'),(50,50,50,'Dolorem beatae et eligendi. Reiciendis porro reiciendis quae officiis maiores. Ut sint inventore enim tenetur. Quis nostrum perspiciatis assumenda provident et occaecati.','1993-05-19 04:06:32'),(51,51,51,'Voluptas fugiat incidunt asperiores nostrum laudantium nam asperiores. Doloremque modi velit iste labore rem est. Debitis temporibus dolorum et ipsa mollitia beatae. Aut dolorum voluptas accusamus libero magnam iure. Et vitae est incidunt dolorem odio nemo placeat officiis.','1982-04-16 01:49:56'),(52,52,52,'Aut eligendi cupiditate blanditiis fuga dolorum odio. Assumenda modi quas aut sit doloremque eveniet. Eos similique consequuntur qui laborum odit. Voluptatibus in sapiente earum dicta suscipit illum ipsam.','2001-05-29 02:00:55'),(53,53,53,'Tempore sunt tempore tempora quia sunt soluta quia necessitatibus. Ea aut quo in exercitationem et. Ut id illum id sit. Ad voluptatem doloribus dolorem rerum maxime eaque minus qui. Distinctio dicta sit quo sit.','1992-03-29 05:35:35'),(54,54,54,'Doloremque perspiciatis voluptate velit ut repellat sed. Repellendus ut quisquam praesentium. Quasi dolore delectus sed odio mollitia eum ut facere. Ea veritatis quas error ut alias.','1983-07-11 00:54:40'),(55,55,55,'Quis inventore occaecati quidem cum dolorum vel. Qui reiciendis exercitationem voluptatem quisquam dolor. Quia cupiditate expedita sunt iusto cumque veritatis reprehenderit ut. Voluptates similique est vel.','1997-11-10 11:55:15'),(56,56,56,'Consectetur et nesciunt aut cumque tenetur iusto. Ipsa qui repellendus alias harum eveniet molestiae.','1980-11-22 16:33:31'),(57,57,57,'Hic quis facilis ea quibusdam expedita. Assumenda debitis quidem nesciunt dignissimos qui culpa. Omnis tenetur et optio.','2002-02-22 18:15:26'),(58,58,58,'Optio earum aspernatur molestiae aspernatur animi dolores fugiat iure. Tenetur iusto molestiae animi assumenda. Molestiae quia occaecati ut provident ex.','1976-10-22 15:47:21'),(59,59,59,'Numquam ea atque voluptatem corporis ut quia. Iusto rerum magni magni voluptatem voluptatibus adipisci. Rem doloribus atque corrupti ex aspernatur. Illum et recusandae iste molestias.','2013-08-20 16:15:14'),(60,60,60,'A pariatur repudiandae dignissimos provident et est. Nihil quisquam rem quidem et. Et cum velit dolor ex unde et ab. Asperiores tempore reiciendis eum ipsa ea minus aut corrupti.','1994-06-17 02:11:29'),(61,61,61,'Aspernatur dolorem omnis itaque sunt laboriosam. Maiores explicabo aspernatur non. Consequatur nulla sequi quam sed enim et veritatis. Voluptatem consequatur eos voluptatem quam pariatur molestias fugiat aut. Repudiandae totam ut ipsa quod.','1980-12-05 19:46:24'),(62,62,62,'Est et vel minima sint commodi dolorum animi eos. Aut qui ea dolorum laudantium odio odit. Quia odio repudiandae possimus magnam voluptas. Id minima qui optio minima molestias quia eius.','2013-05-19 23:21:36'),(63,63,63,'Accusantium nobis perspiciatis qui sunt ipsam aliquid molestiae. Dignissimos a perspiciatis assumenda modi nemo magnam veritatis. Explicabo omnis quos provident et quam. Accusamus laborum nisi et occaecati.','2017-02-03 10:31:09'),(64,64,64,'Aut inventore et accusantium animi sed consequatur quod. Aut quia est ab tenetur repellat. Dolore ut tempora minus incidunt sed. Consequatur dolores explicabo magnam a sint vero.','1978-09-03 03:30:25'),(65,65,65,'Praesentium quia explicabo aut at omnis facere provident. Vero ut id ipsam non ut praesentium id sequi.','1970-07-26 21:29:29'),(66,66,66,'Molestias ad molestiae quisquam facilis pariatur. Perferendis soluta quia itaque explicabo. Illo est alias animi necessitatibus.','2002-02-17 01:52:21'),(67,67,67,'Soluta doloremque qui nobis. Voluptate suscipit labore aliquam voluptas architecto similique. Porro odit omnis deserunt quia autem.','2016-01-22 04:40:15'),(68,68,68,'Repellat corporis inventore autem et. Velit quasi voluptatem est voluptatem nam nisi et sit. Et ullam enim veritatis atque eveniet. Nostrum dolores optio aperiam.','2006-04-05 01:19:50'),(69,69,69,'Voluptas cupiditate non in quaerat. Sunt aspernatur iusto doloribus quos est enim. Aspernatur occaecati ut veritatis et et officia. Exercitationem occaecati aspernatur optio quam modi dolorem quis. Fugiat laudantium nihil totam cupiditate impedit voluptas.','1980-06-04 16:38:38'),(70,70,70,'Aliquid omnis et similique est animi. Suscipit incidunt ad sapiente. Ipsum adipisci sit neque quos quis quos. Eveniet consectetur cupiditate ipsam voluptas aspernatur nobis et.','1987-05-15 00:46:32'),(71,71,71,'Necessitatibus deserunt ad a unde voluptatum aspernatur ut est. Architecto ratione molestiae qui qui quia sed. Aut aut cupiditate unde nulla.','1986-05-08 23:31:49'),(72,72,72,'Sunt possimus ab odio nesciunt. Doloribus nostrum illo ab aspernatur nemo. Magnam et ab voluptatem qui sunt fugit cumque. Laborum porro sint vero enim repellat.','1987-10-23 17:25:14'),(73,73,73,'Excepturi quos est veniam corrupti ea. Id rerum aperiam necessitatibus est minima velit. Dolor corrupti itaque in omnis dolorem ea. Magnam accusantium dolor aliquid.','2002-11-27 00:04:41'),(74,74,74,'Autem error eligendi iure maiores qui consequatur. Optio provident temporibus odio atque magnam debitis. Voluptatem et dolore earum ipsum harum. Vero et laudantium reprehenderit ut autem sit error.','2019-07-15 13:55:50'),(75,75,75,'Aut veritatis est facilis cupiditate eos nihil. Aut reiciendis rerum neque officiis animi architecto dolores. Nulla vero quod quisquam iste repellat minus sunt.','1978-05-30 14:59:04'),(76,76,76,'Alias in et consectetur repellendus pariatur voluptas. Ut qui et sint debitis. Doloremque et sint quo cum voluptates animi possimus. Labore et possimus sunt et sequi voluptatibus et.','1974-09-25 22:14:55'),(77,77,77,'Mollitia sed quae asperiores qui eaque facere debitis. Architecto sit at non voluptatem non iusto rerum at. Sapiente alias laborum commodi eos voluptatem.','1988-01-26 00:58:56'),(78,78,78,'A delectus eaque doloremque libero. Quia magnam ducimus omnis animi sit. Hic autem sint ipsum. Laborum error provident non voluptatem quod nobis eveniet distinctio.','1992-02-01 13:37:52'),(79,79,79,'Quas omnis dolores maiores aut. Ipsam tempora autem voluptas iste commodi eos dolor. Dolores fuga maxime hic et architecto.','1976-02-08 10:33:36'),(80,80,80,'Blanditiis ducimus vitae qui ratione fugit. Qui fugit rem aliquam expedita et non ut. Explicabo eum est sed et expedita accusamus aperiam. Tempore est iste consequatur molestiae voluptatum molestias.','1972-01-11 14:24:20'),(81,81,81,'Ut consectetur iure nihil. Consequatur necessitatibus facilis sint voluptatem. Temporibus est magnam omnis quia sit consequatur quis. Cumque iste ut quos qui libero quidem aperiam.','2008-08-12 08:37:30'),(82,82,82,'Cum consequatur magni voluptatem. Aliquid minima blanditiis quo voluptatibus dolorem. Molestiae eos eum voluptatem repudiandae qui est. Nemo et nesciunt deserunt rerum est ullam est.','1982-04-04 04:31:16'),(83,83,83,'Eius laudantium architecto itaque ut. Cum dolore autem est quos officiis mollitia placeat. Quis ut nobis autem et. Sunt nihil repudiandae mollitia est debitis aut quos.','2016-08-26 18:33:28'),(84,84,84,'Et laudantium ea rerum perspiciatis. Dolorem magni cupiditate aut.','1979-09-21 08:29:14'),(85,85,85,'Repellat quo dolores eius dolor iste quia aperiam. Reiciendis pariatur eos exercitationem molestiae culpa. Dolor eaque saepe ducimus pariatur ipsa. Quod atque ullam laudantium inventore vel quasi quam.','1989-10-18 23:30:18'),(86,86,86,'Culpa blanditiis omnis ex omnis ad. Non fugiat corrupti ut modi id. Quod recusandae ut velit dolorem cum. Quisquam animi aliquid necessitatibus culpa.','1972-02-18 10:39:38'),(87,87,87,'Accusantium commodi rem consequuntur incidunt natus dolor alias. Voluptatem sit nesciunt ea aut molestias. Ducimus architecto repellat eius.','1978-10-01 06:30:02'),(88,88,88,'Corrupti suscipit debitis nihil aperiam id in voluptas. Et iste iste tenetur consequatur. Sit dicta eum sed veritatis nihil consectetur. Consequatur iusto magnam et consequuntur minima.','1973-10-29 18:20:59'),(89,89,89,'Est et facere dolores suscipit culpa. Minus incidunt maiores blanditiis voluptates eum. Est et quia et corporis sit. Molestiae eveniet laudantium cumque perspiciatis ut perferendis aut illum.','1993-02-15 03:18:30'),(90,90,90,'Autem harum et est dolore. Ipsa ut recusandae occaecati esse consequuntur cumque asperiores laboriosam.','2004-07-04 09:21:08'),(91,91,91,'Qui labore doloribus dicta expedita cumque numquam. Qui consequuntur aliquid neque dolorem. Pariatur rem dicta labore laudantium accusamus maiores qui et. Cumque deleniti illo et architecto.','1990-10-03 13:50:34'),(92,92,92,'Mollitia et consequatur distinctio. Hic placeat dolorem officia. Amet et delectus porro adipisci est velit eveniet. Magni debitis ab velit error ut.','1975-07-12 11:57:25'),(93,93,93,'Nemo sit id ad praesentium velit dolorum. Dolores animi veniam modi earum laboriosam debitis rerum. Laudantium exercitationem ut aliquam. Dolorum esse amet consequatur quidem incidunt autem.','2008-07-14 14:17:31'),(94,94,94,'Magni ut voluptas quam corporis. Vel possimus nam culpa molestiae illum repellendus commodi. Harum quis ut ducimus et. Voluptate saepe odit aspernatur aut nihil ut et.','2016-10-17 10:41:21'),(95,95,95,'Voluptatem harum rerum temporibus neque dolor quod. Porro aut culpa voluptas quisquam. Ut praesentium non asperiores unde aliquid necessitatibus rerum voluptatem. Dolor eos amet consectetur consequuntur harum qui.','1997-07-20 11:08:13'),(96,96,96,'Ea illo totam vitae sint. Tempora ducimus eos iste veritatis facilis magnam corrupti. Non quam impedit et adipisci eligendi assumenda et. Voluptas culpa velit exercitationem doloribus eos.','1993-06-21 10:48:03'),(97,97,97,'Soluta quo non assumenda veniam et dignissimos. Temporibus ducimus molestiae placeat natus ut. Officiis itaque odit sequi molestias. Labore possimus corporis velit suscipit est.','2008-03-30 17:05:46'),(98,98,98,'Expedita voluptates voluptate vel nobis. Voluptate odio molestiae deserunt nulla. Et tempore aut corrupti iste architecto animi eum.','1999-12-30 01:29:27'),(99,99,99,'Non ut quo est quia illo sequi provident. Assumenda sit ad vel quidem. Sunt porro illum blanditiis.','1972-08-21 04:04:24'),(100,100,100,'Ducimus rem soluta voluptate corporis aut qui voluptatem reiciendis. Pariatur est necessitatibus est et. Sed adipisci et voluptas asperiores. Officiis et deserunt nisi deserunt in doloremque debitis.','1999-08-31 16:32:56');
/*!40000 ALTER TABLE `messages` ENABLE KEYS */;
UNLOCK TABLES;

--
-- Table structure for table `photo_albums`
--

DROP TABLE IF EXISTS `photo_albums`;
/*!40101 SET @saved_cs_client     = @@character_set_client */;
/*!40101 SET character_set_client = utf8 */;
CREATE TABLE `photo_albums` (
  `id` bigint(20) unsigned NOT NULL AUTO_INCREMENT,
  `name` varchar(255) DEFAULT NULL,
  `user_id` bigint(20) unsigned DEFAULT NULL,
  PRIMARY KEY (`id`),
  UNIQUE KEY `id` (`id`),
  KEY `user_id` (`user_id`),
  CONSTRAINT `photo_albums_ibfk_1` FOREIGN KEY (`user_id`) REFERENCES `users` (`id`)
) ENGINE=InnoDB AUTO_INCREMENT=101 DEFAULT CHARSET=latin1;
/*!40101 SET character_set_client = @saved_cs_client */;

--
-- Dumping data for table `photo_albums`
--

LOCK TABLES `photo_albums` WRITE;
/*!40000 ALTER TABLE `photo_albums` DISABLE KEYS */;
INSERT INTO `photo_albums` VALUES (1,'dicta',1),(2,'totam',2),(3,'optio',3),(4,'minus',4),(5,'officiis',5),(6,'impedit',6),(7,'eum',7),(8,'nobis',8),(9,'cum',9),(10,'deleniti',10),(11,'reprehenderit',11),(12,'voluptatem',12),(13,'odit',13),(14,'asperiores',14),(15,'consectetur',15),(16,'quam',16),(17,'rem',17),(18,'voluptatem',18),(19,'qui',19),(20,'quaerat',20),(21,'laudantium',21),(22,'modi',22),(23,'quas',23),(24,'necessitatibus',24),(25,'fugiat',25),(26,'minima',26),(27,'quam',27),(28,'numquam',28),(29,'nam',29),(30,'voluptatibus',30),(31,'omnis',31),(32,'quasi',32),(33,'cupiditate',33),(34,'accusamus',34),(35,'inventore',35),(36,'porro',36),(37,'sit',37),(38,'dolor',38),(39,'nihil',39),(40,'cumque',40),(41,'distinctio',41),(42,'ex',42),(43,'quaerat',43),(44,'error',44),(45,'rerum',45),(46,'in',46),(47,'consequatur',47),(48,'corrupti',48),(49,'voluptatem',49),(50,'autem',50),(51,'ut',51),(52,'quo',52),(53,'enim',53),(54,'ex',54),(55,'et',55),(56,'possimus',56),(57,'illum',57),(58,'est',58),(59,'magnam',59),(60,'blanditiis',60),(61,'perspiciatis',61),(62,'molestiae',62),(63,'laboriosam',63),(64,'tenetur',64),(65,'possimus',65),(66,'quia',66),(67,'quia',67),(68,'voluptate',68),(69,'et',69),(70,'at',70),(71,'accusamus',71),(72,'velit',72),(73,'quia',73),(74,'ut',74),(75,'ab',75),(76,'voluptatum',76),(77,'quos',77),(78,'provident',78),(79,'ut',79),(80,'et',80),(81,'officia',81),(82,'dolore',82),(83,'quia',83),(84,'iure',84),(85,'aspernatur',85),(86,'similique',86),(87,'totam',87),(88,'non',88),(89,'et',89),(90,'culpa',90),(91,'vitae',91),(92,'nam',92),(93,'repudiandae',93),(94,'et',94),(95,'qui',95),(96,'sit',96),(97,'quia',97),(98,'qui',98),(99,'magni',99),(100,'quibusdam',100);
/*!40000 ALTER TABLE `photo_albums` ENABLE KEYS */;
UNLOCK TABLES;

--
-- Table structure for table `photos`
--

DROP TABLE IF EXISTS `photos`;
/*!40101 SET @saved_cs_client     = @@character_set_client */;
/*!40101 SET character_set_client = utf8 */;
CREATE TABLE `photos` (
  `id` bigint(20) unsigned NOT NULL AUTO_INCREMENT,
  `album_id` bigint(20) unsigned NOT NULL,
  `media_id` bigint(20) unsigned NOT NULL,
  PRIMARY KEY (`id`),
  UNIQUE KEY `id` (`id`),
  KEY `album_id` (`album_id`),
  KEY `media_id` (`media_id`),
  CONSTRAINT `photos_ibfk_1` FOREIGN KEY (`album_id`) REFERENCES `photo_albums` (`id`),
  CONSTRAINT `photos_ibfk_2` FOREIGN KEY (`media_id`) REFERENCES `media` (`id`)
) ENGINE=InnoDB AUTO_INCREMENT=101 DEFAULT CHARSET=latin1;
/*!40101 SET character_set_client = @saved_cs_client */;

--
-- Dumping data for table `photos`
--

LOCK TABLES `photos` WRITE;
/*!40000 ALTER TABLE `photos` DISABLE KEYS */;
INSERT INTO `photos` VALUES (1,1,1),(2,2,2),(3,3,3),(4,4,4),(5,5,5),(6,6,6),(7,7,7),(8,8,8),(9,9,9),(10,10,10),(11,11,11),(12,12,12),(13,13,13),(14,14,14),(15,15,15),(16,16,16),(17,17,17),(18,18,18),(19,19,19),(20,20,20),(21,21,21),(22,22,22),(23,23,23),(24,24,24),(25,25,25),(26,26,26),(27,27,27),(28,28,28),(29,29,29),(30,30,30),(31,31,31),(32,32,32),(33,33,33),(34,34,34),(35,35,35),(36,36,36),(37,37,37),(38,38,38),(39,39,39),(40,40,40),(41,41,41),(42,42,42),(43,43,43),(44,44,44),(45,45,45),(46,46,46),(47,47,47),(48,48,48),(49,49,49),(50,50,50),(51,51,51),(52,52,52),(53,53,53),(54,54,54),(55,55,55),(56,56,56),(57,57,57),(58,58,58),(59,59,59),(60,60,60),(61,61,61),(62,62,62),(63,63,63),(64,64,64),(65,65,65),(66,66,66),(67,67,67),(68,68,68),(69,69,69),(70,70,70),(71,71,71),(72,72,72),(73,73,73),(74,74,74),(75,75,75),(76,76,76),(77,77,77),(78,78,78),(79,79,79),(80,80,80),(81,81,81),(82,82,82),(83,83,83),(84,84,84),(85,85,85),(86,86,86),(87,87,87),(88,88,88),(89,89,89),(90,90,90),(91,91,91),(92,92,92),(93,93,93),(94,94,94),(95,95,95),(96,96,96),(97,97,97),(98,98,98),(99,99,99),(100,100,100);
/*!40000 ALTER TABLE `photos` ENABLE KEYS */;
UNLOCK TABLES;

--
-- Table structure for table `profiles`
--

DROP TABLE IF EXISTS `profiles`;
/*!40101 SET @saved_cs_client     = @@character_set_client */;
/*!40101 SET character_set_client = utf8 */;
CREATE TABLE `profiles` (
  `user_id` bigint(20) unsigned NOT NULL AUTO_INCREMENT,
  `gender` char(1) DEFAULT NULL,
  `birthday` date DEFAULT NULL,
  `photo_id` bigint(20) unsigned DEFAULT NULL,
  `created_at` datetime DEFAULT CURRENT_TIMESTAMP,
  `hometown` varchar(100) DEFAULT NULL,
  PRIMARY KEY (`user_id`),
  UNIQUE KEY `user_id` (`user_id`),
  KEY `photo_id` (`photo_id`),
  CONSTRAINT `profiles_ibfk_1` FOREIGN KEY (`user_id`) REFERENCES `users` (`id`),
  CONSTRAINT `profiles_ibfk_2` FOREIGN KEY (`photo_id`) REFERENCES `media` (`id`)
) ENGINE=InnoDB AUTO_INCREMENT=201 DEFAULT CHARSET=latin1;
/*!40101 SET character_set_client = @saved_cs_client */;

--
-- Dumping data for table `profiles`
--

LOCK TABLES `profiles` WRITE;
/*!40000 ALTER TABLE `profiles` DISABLE KEYS */;
INSERT INTO `profiles` VALUES (1,'G','1994-06-09',1,'2016-07-16 03:22:36','Nicolefurt'),(2,'E','2013-04-30',2,'1982-09-14 05:13:04','North Bonnieshire'),(3,'S','1980-06-10',3,'2002-05-03 09:49:08','South Evangelineville'),(4,'T','1970-04-10',4,'2015-12-29 16:37:06','Moenside'),(5,'A','1978-12-30',5,'1985-02-21 19:05:30','North Chaimhaven'),(6,'H','2008-12-03',6,'1974-01-12 12:07:16','West Abelardoborough'),(7,'L','1971-01-29',7,'1985-03-20 00:03:27','Schowalterside'),(8,'G','2006-01-29',8,'1978-06-30 02:02:02','Borerfurt'),(9,'K','1984-12-10',9,'2012-07-28 03:39:05','Garlandstad'),(10,'L','2018-03-10',10,'1990-07-02 03:13:14','Raynorfurt'),(11,'A','2019-02-12',11,'2001-12-22 10:14:42','Antoniettaborough'),(12,'D','1977-03-13',12,'2016-02-13 11:29:54','Montanaside'),(13,'R','1990-08-25',13,'1987-10-01 06:42:17','Swaniawskistad'),(14,'T','1973-11-24',14,'2003-04-30 19:43:16','Kassulkeberg'),(15,'G','1988-02-26',15,'2014-06-21 03:21:51','Huelmouth'),(16,'S','2008-04-25',16,'1988-09-15 18:26:21','Gilbertostad'),(17,'E','1970-05-14',17,'1986-10-20 15:16:44','Larkinburgh'),(18,'A','1994-01-25',18,'2016-11-29 10:01:35','Lake Mitchel'),(19,'T','2014-03-25',19,'2013-12-02 20:08:39','Strosinstad'),(20,'P','1975-08-17',20,'2004-11-10 08:27:32','New Madisen'),(21,'L','2011-10-28',21,'1998-04-24 16:27:08','Lake Enos'),(22,'C','1978-07-05',22,'1970-10-17 09:28:17','North Ivahton'),(23,'E','2002-05-08',23,'2020-03-13 05:16:04','Kuhicside'),(24,'K','2010-11-10',24,'1995-06-01 18:45:19','Hahnchester'),(25,'K','1982-05-12',25,'1971-08-23 23:57:22','New Adrienne'),(26,'D','1992-02-24',26,'1979-05-27 19:19:03','North Stellaport'),(27,'J','1973-09-24',27,'2010-01-03 06:02:08','Bruenview'),(28,'S','2009-11-05',28,'1999-12-16 07:20:32','North Laurelmouth'),(29,'E','1985-04-06',29,'1975-04-13 01:36:11','South Kylabury'),(30,'E','2006-11-30',30,'1991-06-22 13:40:24','Port Tomas'),(31,'K','1987-09-11',31,'1986-12-01 05:10:00','Port Lexus'),(32,'H','2004-11-20',32,'1970-02-12 13:56:59','Port Ivy'),(33,'D','1977-10-14',33,'1974-06-25 07:07:10','West Dakota'),(34,'L','1975-09-01',34,'1988-01-14 00:17:25','Maybellhaven'),(35,'S','1971-10-09',35,'2000-09-18 01:32:38','New Marilie'),(36,'A','1985-05-02',36,'1983-03-07 18:51:10','Hackettstad'),(37,'D','1991-06-09',37,'2006-03-17 21:32:56','New Isomshire'),(38,'V','1983-05-06',38,'2018-03-18 21:56:24','Christophestad'),(39,'R','1996-03-01',39,'1988-07-27 23:58:21','Adamsfort'),(40,'T','1990-08-03',40,'1998-05-09 12:30:09','Lake Cliffordport'),(41,'D','1979-07-23',41,'1988-04-01 03:26:21','East Lambert'),(42,'G','2010-06-13',42,'1990-04-06 03:17:19','Eltaburgh'),(43,'F','1997-11-21',43,'1979-03-15 18:14:20','Dillanshire'),(44,'K','1979-09-10',44,'1972-08-17 16:19:45','New Julian'),(45,'S','1988-06-23',45,'1973-07-18 08:03:53','New Suzanne'),(46,'M','1995-03-08',46,'1995-08-20 04:54:32','Doyleside'),(47,'H','2015-05-31',47,'2011-08-20 19:17:13','Nyasiaberg'),(48,'F','2013-12-01',48,'1978-12-07 17:54:45','East Hilma'),(49,'J','1989-01-13',49,'1998-04-06 04:04:26','South Else'),(50,'D','2018-09-01',50,'1975-01-23 07:41:34','Monroeside'),(51,'L','1992-06-13',51,'1984-10-23 16:08:03','Lake Giuseppe'),(52,'L','2015-08-03',52,'1983-04-14 17:17:20','Dooleyshire'),(53,'D','1988-04-01',53,'2004-07-19 11:50:16','South Sidhaven'),(54,'C','1999-11-04',54,'2019-09-07 16:26:21','Brendenland'),(55,'S','2005-06-14',55,'1977-04-24 14:51:51','East Harrison'),(56,'A','2007-08-23',56,'2016-04-03 04:11:26','East Anyafort'),(57,'K','1982-07-03',57,'1977-06-16 03:07:16','Prosaccobury'),(58,'A','2011-11-03',58,'2002-04-07 02:56:37','Lake Lambertbury'),(59,'K','2005-06-17',59,'2013-01-25 05:20:39','Lake Gayle'),(60,'L','1979-11-30',60,'1976-05-08 00:52:33','Wintheiserhaven'),(61,'C','2003-06-20',61,'1975-07-08 18:56:38','Edaside'),(62,'B','1982-05-22',62,'2017-03-08 11:04:10','Cummeratamouth'),(63,'A','1986-04-20',63,'1982-12-03 19:01:48','Lunaview'),(64,'N','1973-07-02',64,'1983-05-11 08:06:08','North Kadenfort'),(65,'L','1970-08-14',65,'2010-09-10 15:43:42','Port Leopold'),(66,'L','2007-01-06',66,'1970-04-22 22:01:42','Pfefferberg'),(67,'N','1997-02-03',67,'1985-09-24 03:02:15','North Ruthieville'),(68,'H','1981-10-18',68,'2009-06-05 13:58:16','North Samirville'),(69,'C','2015-04-20',69,'2003-10-21 05:30:05','Elizabethville'),(70,'R','2018-11-01',70,'1983-09-19 04:52:47','North Randal'),(71,'B','2016-04-22',71,'2009-02-03 08:19:39','North Emilianofort'),(72,'G','2001-05-26',72,'1975-11-24 11:49:24','Murphyberg'),(73,'D','2014-06-16',73,'1995-02-15 04:22:24','East Brendaton'),(74,'I','2006-06-19',74,'2011-04-29 17:45:06','South Shannon'),(75,'A','2000-06-22',75,'1999-09-09 06:46:56','West Edwina'),(76,'A','2010-04-10',76,'1997-09-07 15:34:47','West Thadfort'),(77,'C','1991-11-16',77,'1990-10-23 01:49:56','Pourosborough'),(78,'I','2008-08-09',78,'2013-01-02 12:46:08','Floridaburgh'),(79,'S','1984-09-17',79,'1998-02-09 08:45:40','Ethanside'),(80,'R','2004-05-05',80,'2010-04-25 20:28:00','New Mustafamouth'),(81,'H','2019-05-27',81,'2009-07-02 05:56:59','Prosaccoport'),(82,'M','2012-08-31',82,'1994-10-16 21:27:03','Moenland'),(83,'I','1989-06-13',83,'1990-12-13 20:03:20','Janellehaven'),(84,'G','1992-12-05',84,'1970-11-20 19:28:09','Port Laron'),(85,'L','1996-10-25',85,'2006-04-28 10:00:38','South Elianshire'),(86,'G','2009-05-04',86,'2013-09-10 21:24:27','Aldashire'),(87,'T','1984-05-28',87,'1995-05-01 02:22:19','Schowalterchester'),(88,'L','1991-04-22',88,'2000-08-02 00:40:30','Lake Marcosborough'),(89,'E','1996-02-22',89,'2016-11-14 09:52:52','North Tito'),(90,'M','1984-12-30',90,'2001-03-30 11:13:22','New Trenton'),(91,'C','1979-03-20',91,'1983-03-23 15:49:54','Port Roystad'),(92,'D','1996-10-08',92,'2006-12-27 23:43:56','East Jorgeland'),(93,'J','2003-11-22',93,'1990-06-16 19:13:15','Palmaside'),(94,'M','1987-11-12',94,'2016-04-01 14:17:29','Dougland'),(95,'F','1993-01-20',95,'1972-07-26 21:11:18','Myrlstad'),(96,'B','2001-03-12',96,'1970-02-01 01:32:26','New Reeseland'),(97,'J','2004-05-05',97,'1997-02-25 20:05:29','Jakobview'),(98,'M','2015-10-02',98,'1983-10-07 07:16:42','Luettgenberg'),(99,'N','1993-10-10',99,'1996-07-23 17:34:55','Terrymouth'),(100,'Q','1977-02-01',100,'2016-07-12 00:48:06','East Carolyn'),(101,'F','1999-09-07',1,'1989-11-18 06:51:34','Lake Sigrid'),(102,'J','2013-03-06',2,'2000-10-16 13:47:48','Port Niamouth'),(103,'H','1988-01-10',3,'1993-08-22 18:59:00','New Akeem'),(104,'F','1999-09-18',4,'1999-06-01 23:29:07','Lake Jarrodton'),(105,'K','1992-06-13',5,'2003-10-29 13:05:22','Morartown'),(106,'E','2008-07-04',6,'2003-05-27 08:15:16','North Kearaside'),(107,'G','2010-05-27',7,'2019-12-08 20:29:18','Port Gardnerview'),(108,'A','1989-05-26',8,'2018-09-20 22:21:28','Malikaside'),(109,'H','2005-03-06',9,'2009-11-11 23:04:30','South Amiyashire'),(110,'L','1972-05-21',10,'2005-03-16 21:20:14','Hesselton'),(111,'B','2001-02-14',11,'1975-06-22 23:59:26','Lake Joanieport'),(112,'L','2015-02-15',12,'1982-02-10 01:35:10','North Jacynthe'),(113,'B','1995-10-06',13,'1988-08-13 05:59:13','Clarissamouth'),(114,'J','1996-08-04',14,'1989-12-11 18:24:42','New Kiarra'),(115,'B','1976-03-30',15,'1977-03-22 03:20:07','South Annetta'),(116,'R','1992-04-20',16,'2008-01-22 22:46:46','Susieburgh'),(117,'K','1991-02-08',17,'1984-04-10 14:38:19','South Garnett'),(118,'K','1970-03-14',18,'1988-10-15 16:04:27','West Kiara'),(119,'A','1982-02-15',19,'1998-05-15 05:51:06','Rolfsonmouth'),(120,'E','2016-08-02',20,'2008-06-02 04:44:17','Lake Adalberto'),(121,'C','2005-05-19',21,'1976-10-25 08:32:37','Cormierport'),(122,'J','1985-07-22',22,'2013-01-09 09:10:41','New Serenaberg'),(123,'S','1998-04-20',23,'1971-03-04 00:11:37','North Terence'),(124,'H','1996-07-13',24,'1970-11-15 15:16:24','North Favianchester'),(125,'C','1988-06-27',25,'2011-05-08 23:16:35','Willborough'),(126,'M','1979-05-19',26,'1995-03-28 18:50:24','North Zacheryburgh'),(127,'E','1992-05-28',27,'1976-08-18 18:15:32','East Skyla'),(128,'M','1982-09-28',28,'1996-11-13 17:11:44','Oleview'),(129,'D','1974-10-06',29,'1995-08-14 07:21:57','Oberbrunnerview'),(130,'M','1998-09-25',30,'1975-10-12 03:08:37','East Kamerontown'),(131,'R','2014-07-19',31,'1999-12-22 03:18:57','East Orlando'),(132,'M','2008-12-22',32,'1973-08-19 22:02:23','Ritchiefort'),(133,'E','2013-10-08',33,'2019-10-09 13:58:34','Port Doramouth'),(134,'M','1996-08-08',34,'1989-02-02 06:28:26','Lake Nayeli'),(135,'E','1972-06-10',35,'2002-10-22 08:25:16','Lake Jaylin'),(136,'K','2010-04-15',36,'1985-08-11 11:47:16','East Marshall'),(137,'A','2004-11-26',37,'1984-09-01 16:11:40','West Yvonne'),(138,'A','1974-07-10',38,'1982-09-09 05:37:45','Cartwrightmouth'),(139,'F','2012-03-23',39,'1976-01-13 11:48:06','Port Destanyside'),(140,'D','1999-05-19',40,'2018-08-25 15:56:26','Legroston'),(141,'H','1971-05-14',41,'2012-04-05 11:13:48','Lake Justus'),(142,'V','2001-09-20',42,'2003-08-17 13:49:06','Port Emoryhaven'),(143,'G','2003-07-13',43,'1983-12-07 04:54:20','Dejahton'),(144,'A','2007-02-24',44,'1986-04-26 22:08:55','North Janiyafort'),(145,'L','2008-06-10',45,'2001-02-24 09:15:09','Florenciotown'),(146,'K','2016-05-26',46,'1970-11-07 21:53:22','Weissnatview'),(147,'V','2007-04-20',47,'2006-04-05 10:17:06','Whiteview'),(148,'M','2011-09-29',48,'2010-03-16 15:23:07','East Neal'),(149,'L','1978-08-11',49,'1998-01-23 09:26:25','Lake Luisburgh'),(150,'V','1981-12-07',50,'2002-01-18 22:07:19','Lake Lera'),(151,'V','2006-03-27',51,'1995-07-22 20:13:00','Lake Terrill'),(152,'M','1992-09-16',52,'1976-04-22 10:28:09','Nicoton'),(153,'A','2011-03-15',53,'1989-04-26 07:14:00','Frederickchester'),(154,'A','2001-02-28',54,'1991-12-09 22:51:49','Myrtieborough'),(155,'H','1985-07-06',55,'2004-03-27 07:28:10','Sigmundport'),(156,'B','1981-11-23',56,'2009-02-02 22:36:00','New Keven'),(157,'B','2013-06-25',57,'2005-07-12 20:37:45','Julianfort'),(158,'L','1995-01-22',58,'1995-12-27 08:04:02','Sharonchester'),(159,'R','2014-07-27',59,'2015-11-17 23:37:55','North Reid'),(160,'B','2001-05-23',60,'2015-05-05 07:09:40','Watsicatown'),(161,'S','1973-04-27',61,'2001-07-23 13:19:23','West Lorena'),(162,'L','1978-11-20',62,'1978-07-04 23:16:14','Heidenreichmouth'),(163,'B','2008-06-29',63,'1980-12-03 15:06:27','Lake Layne'),(164,'I','2003-08-10',64,'1986-07-24 03:46:07','Grimesborough'),(165,'I','1971-04-21',65,'1974-10-28 21:43:52','Bruenburgh'),(166,'N','2002-10-23',66,'1981-02-08 11:50:51','Smithamtown'),(167,'T','1987-08-08',67,'1974-04-01 12:28:39','Mooreberg'),(168,'R','2018-07-01',68,'1999-08-26 15:09:59','Dejuanfurt'),(169,'T','2010-11-28',69,'1996-04-18 01:35:46','Dulcemouth'),(170,'S','1995-08-23',70,'1997-09-16 12:18:09','East Alisatown'),(171,'L','1997-08-03',71,'1991-08-25 21:33:40','Bodeport'),(172,'L','1984-10-23',72,'1993-02-23 16:15:04','Barrettmouth'),(173,'C','1974-08-24',73,'2013-10-18 21:59:44','Hermanhaven'),(174,'M','1997-05-15',74,'1975-11-15 20:14:00','Dibbertborough'),(175,'L','2018-05-16',75,'1999-04-04 18:24:29','Modestoville'),(176,'L','1970-10-06',76,'2016-05-16 00:27:38','Port Nelda'),(177,'J','2002-06-09',77,'1999-12-20 01:41:44','South Freeman'),(178,'S','1970-12-11',78,'1976-10-10 14:56:27','Lake Aidan'),(179,'M','1978-03-12',79,'1997-07-28 08:25:36','West Bartholome'),(180,'M','2005-02-07',80,'2001-01-20 11:46:28','Jesseburgh'),(181,'E','2006-09-09',81,'1981-10-01 16:55:48','Kaiafurt'),(182,'T','1977-03-19',82,'1978-08-16 08:33:53','South Adolfland'),(183,'J','1970-02-03',83,'1997-03-14 08:16:57','Ethyltown'),(184,'M','1972-07-03',84,'1991-07-30 00:00:39','Krischester'),(185,'L','2016-09-27',85,'1971-12-26 06:42:31','New Kelley'),(186,'T','1979-04-13',86,'1983-02-12 00:15:04','Port Ewellland'),(187,'A','1974-10-26',87,'1976-11-15 16:29:15','McDermottfort'),(188,'H','1993-02-18',88,'2016-12-05 13:27:58','Port Harmony'),(189,'E','1974-10-28',89,'1979-01-09 02:34:24','East Gideonport'),(190,'D','1977-10-30',90,'1990-06-12 09:17:06','Carmenfurt'),(191,'L','2009-06-29',91,'1989-01-30 20:45:41','Toniview'),(192,'L','2002-08-21',92,'2004-04-27 04:15:07','Modestamouth'),(193,'E','2012-11-17',93,'2015-09-14 17:52:36','New Regan'),(194,'H','1995-08-16',94,'1975-11-24 12:27:58','Dickenston'),(195,'B','2012-08-12',95,'1982-09-17 02:07:35','Port Linneahaven'),(196,'J','2007-05-10',96,'1987-12-04 11:37:30','Port Abigail'),(197,'E','1985-02-11',97,'2018-09-05 05:50:49','Sylviaside'),(198,'A','2004-01-22',98,'2011-08-17 02:32:34','Elinorstad'),(199,'M','1970-07-23',99,'1988-05-02 10:59:42','Lake Adaport'),(200,'W','2010-03-20',100,'2002-03-31 01:36:21','Haleyfort');
/*!40000 ALTER TABLE `profiles` ENABLE KEYS */;
UNLOCK TABLES;

--
-- Table structure for table `publication`
--

DROP TABLE IF EXISTS `publication`;
/*!40101 SET @saved_cs_client     = @@character_set_client */;
/*!40101 SET character_set_client = utf8 */;
CREATE TABLE `publication` (
  `id` bigint(20) unsigned NOT NULL AUTO_INCREMENT,
  `created_at` datetime DEFAULT CURRENT_TIMESTAMP,
  `user_id` bigint(20) unsigned NOT NULL,
  `media_id` bigint(20) unsigned NOT NULL,
  `text` blob,
  PRIMARY KEY (`id`),
  UNIQUE KEY `id` (`id`),
  KEY `user_id` (`user_id`),
  KEY `media_id` (`media_id`),
  CONSTRAINT `publication_ibfk_1` FOREIGN KEY (`user_id`) REFERENCES `users` (`id`),
  CONSTRAINT `publication_ibfk_2` FOREIGN KEY (`media_id`) REFERENCES `media` (`id`)
) ENGINE=InnoDB AUTO_INCREMENT=101 DEFAULT CHARSET=latin1;
/*!40101 SET character_set_client = @saved_cs_client */;

--
-- Dumping data for table `publication`
--

LOCK TABLES `publication` WRITE;
/*!40000 ALTER TABLE `publication` DISABLE KEYS */;
INSERT INTO `publication` VALUES (1,'1977-03-09 09:02:26',1,1,_binary 'Vero eligendi maiores suscipit repudiandae distinctio fugiat. Voluptatem eum dolores ullam consequatur sed. Quod et esse nostrum ducimus eum non. Sunt vero nobis soluta est odio incidunt atque nam.'),(2,'1974-07-24 18:45:44',2,2,_binary 'Iusto nostrum ut sint qui atque temporibus vel repudiandae. Exercitationem et sunt et aut voluptatem et quod. Rerum voluptatem aperiam in placeat id.'),(3,'1970-07-26 22:39:56',3,3,_binary 'Porro voluptas aliquam deleniti ut ex. Velit similique aut ullam corporis explicabo iusto sed. Atque dolorum sit ullam ut aspernatur.'),(4,'1998-04-26 19:43:19',4,4,_binary 'Perferendis dolores similique mollitia. Vero et odit est animi quas veritatis.'),(5,'1982-09-02 10:37:27',5,5,_binary 'Dolorum aut vitae quae. Tempora nihil sed ipsa sequi quis voluptas.'),(6,'2008-04-28 15:44:14',6,6,_binary 'Quo corporis ea iusto excepturi ratione. Sit optio et minima dolor. Quod saepe itaque et commodi ut quo. Dolor quod optio voluptatibus ex laborum.'),(7,'1978-06-04 12:34:22',7,7,_binary 'Dolorum perspiciatis eius consequatur ea qui nulla ullam. Maxime perspiciatis laboriosam sit quidem. Alias doloribus unde repellendus iure autem.'),(8,'2012-09-25 16:19:42',8,8,_binary 'Inventore exercitationem autem inventore non rem velit autem ut. Ullam sequi quia illo. Ut voluptas aut odit vel architecto ea occaecati.'),(9,'2019-07-14 03:08:32',9,9,_binary 'Ad quasi saepe quod qui assumenda sed tenetur. Veniam dolore eveniet quae quasi in voluptate sit. Deserunt iste voluptatem est molestias.'),(10,'2008-06-03 18:39:10',10,10,_binary 'Voluptatem perferendis labore dignissimos et vitae. Illum soluta cupiditate quam recusandae molestias praesentium quis consectetur. Quo culpa quas et nobis rerum eum occaecati excepturi.'),(11,'2003-06-22 00:54:46',11,11,_binary 'Pariatur explicabo et id quia enim. Odio explicabo eos neque sunt. Magni illum ab illo non ducimus quas tenetur.'),(12,'1978-06-08 21:18:26',12,12,_binary 'Ratione commodi sunt sint et alias. Saepe delectus ut ea et quia. Voluptas rerum corrupti molestiae ut quia deleniti. Possimus nam explicabo accusantium rerum est id.'),(13,'2008-08-06 00:05:36',13,13,_binary 'Dolores quasi ut blanditiis ut sit doloremque. Praesentium veritatis ex veniam vel eius eligendi accusantium. Rerum a voluptate deserunt. Ipsa ipsum nostrum sequi natus sunt at.'),(14,'2001-04-08 02:29:47',14,14,_binary 'Sed commodi est illo et delectus fugit. Excepturi id nostrum tempora. Autem odio qui laudantium natus. Deserunt rerum quibusdam qui nam voluptas.'),(15,'2011-07-18 07:12:57',15,15,_binary 'Cumque deserunt repellendus ea dolore dolor enim. Iure id commodi voluptatibus illo qui. Tempora molestiae nisi vel ipsum est accusamus. Dignissimos sapiente et quisquam.'),(16,'1981-04-07 18:46:25',16,16,_binary 'Alias quae harum est corporis architecto necessitatibus. Velit autem perspiciatis non accusantium. Et dolorum culpa beatae iste eos ipsa quisquam. Praesentium dolor nemo et et modi praesentium.'),(17,'2012-01-19 21:48:38',17,17,_binary 'Quo veritatis quis et dolor earum alias ex vitae. Iusto adipisci tempora in. Et inventore atque non voluptate saepe nesciunt aut illo. Voluptatem nam rerum totam ad assumenda.'),(18,'1997-05-02 07:14:25',18,18,_binary 'Vero mollitia nobis nesciunt nisi commodi inventore. Quam libero culpa blanditiis. Aliquam voluptas quia dolor sed molestiae quis molestiae.'),(19,'1991-06-28 09:03:17',19,19,_binary 'Dolorem dolore nihil facilis sed. Adipisci quae ut natus vel sequi est nihil. Cupiditate molestiae excepturi cupiditate explicabo vel et. Omnis consequatur ratione est nostrum aut.'),(20,'2006-02-20 10:49:19',20,20,_binary 'Rerum quo dolores nobis ut est. Aut distinctio voluptatem atque autem. Assumenda est neque delectus saepe.'),(21,'1972-03-15 08:53:27',21,21,_binary 'Mollitia non error minus esse labore ut. Provident odio amet nulla dolorem dicta eum dolor recusandae. Et quo iste nihil asperiores adipisci. Voluptatem et quaerat maxime excepturi rerum.'),(22,'2012-05-22 23:48:57',22,22,_binary 'Corrupti optio nisi sit magnam expedita. In beatae vero molestiae autem hic. Voluptatum et explicabo voluptate mollitia similique ipsa.'),(23,'1970-03-11 06:19:40',23,23,_binary 'Pariatur sunt qui praesentium voluptas libero omnis. Sed eos quis nostrum illum blanditiis sed aut.'),(24,'2010-07-16 07:05:15',24,24,_binary 'Molestiae qui corrupti rem dolorum ad maxime eveniet. Debitis fuga repudiandae id fugiat. Earum et excepturi qui iusto aut occaecati. Beatae magnam cupiditate aut id.'),(25,'1995-05-12 01:38:29',25,25,_binary 'Id enim magnam consequatur quas quo aut. Autem ut et ut inventore. Enim tenetur quidem rerum possimus rerum. Voluptates in sed quos accusantium magni repudiandae vitae.'),(26,'2019-09-05 08:54:55',26,26,_binary 'Id eaque asperiores accusamus accusantium dolor qui. Aperiam sequi est et eum voluptates. Fugit aliquid quia et eveniet dolores eligendi inventore. Voluptatem possimus iste illo quia.'),(27,'1976-03-02 14:44:52',27,27,_binary 'Rem fugiat quia et labore error. Minus sit voluptas numquam sit voluptatem hic ab. Consequatur est mollitia expedita fugit deserunt. Quasi ducimus nisi aperiam laborum ullam.'),(28,'2000-02-16 21:58:32',28,28,_binary 'Quisquam earum explicabo porro qui asperiores sint. Rerum vel rerum aut excepturi eos autem. Non ea eveniet eum dolorem. Fugiat aliquid sed et tempora sit tempora ut. Omnis incidunt aut rem ut qui.'),(29,'1999-06-02 10:16:01',29,29,_binary 'Aut eaque cum assumenda nisi. Odit ut qui quas eius tempore dolor. Est quia sed unde est.'),(30,'2017-11-04 01:32:49',30,30,_binary 'Rerum id deleniti sunt delectus totam nihil. Quia amet inventore odio ut maiores. Nobis aliquid dolores illum porro nostrum culpa accusamus.'),(31,'2009-11-23 18:06:08',31,31,_binary 'Recusandae similique officiis possimus sunt dignissimos. Illum nesciunt amet quidem enim tempore dolores quia. Ad autem velit et necessitatibus voluptatem sit.'),(32,'1976-04-21 17:40:36',32,32,_binary 'Ullam debitis impedit eos voluptas debitis pariatur. Cum neque optio labore reiciendis eligendi tempore quidem. Mollitia id cumque occaecati.'),(33,'2019-02-28 12:21:42',33,33,_binary 'Totam debitis sit id reiciendis. Odio aut molestias sed quo. Labore et id asperiores eum sunt magni. At facilis aspernatur enim nisi ullam facilis magni neque.'),(34,'1987-07-14 17:39:52',34,34,_binary 'Adipisci provident dolorem deserunt quis quos. Qui fugiat pariatur laborum nisi eaque voluptas. Minus deleniti quisquam sint fuga iure harum. Soluta sequi dolorem aut necessitatibus accusamus alias.'),(35,'1994-04-09 04:33:47',35,35,_binary 'Maxime voluptates sit et dolorem. Sit ullam ex nihil voluptatibus eius ad. Quidem qui rem autem et ut doloribus sit.'),(36,'1974-11-11 02:54:42',36,36,_binary 'Eum voluptates provident est vel non. Voluptatum placeat voluptas quod.'),(37,'1998-10-29 01:03:07',37,37,_binary 'Est occaecati enim dolores eaque odio. Impedit qui sit perferendis qui nemo quod nobis. Sit pariatur velit eum enim qui vitae animi.'),(38,'2014-10-27 04:19:21',38,38,_binary 'Aut nihil minima exercitationem quas sed. Voluptates esse exercitationem minima. Mollitia repellat inventore soluta eos minus odio quas amet.'),(39,'2010-07-05 20:29:06',39,39,_binary 'Totam labore voluptatem accusantium neque et harum. Nesciunt ipsa voluptatum doloremque repellat. Illum tempora adipisci excepturi dolores debitis expedita dolor. Dolores id qui repellat rerum.'),(40,'2019-10-13 10:26:32',40,40,_binary 'Voluptatum aspernatur ratione iusto quas est necessitatibus. Iure aliquid labore ut aut. Doloribus velit consectetur eius eligendi. Voluptatibus sint magni accusamus est doloribus provident fugit.'),(41,'2014-03-23 13:11:10',41,41,_binary 'Est odio voluptatibus hic. Non qui neque fugiat labore corporis fuga. Ut nobis sed ipsam quas.'),(42,'1983-11-02 14:45:10',42,42,_binary 'Eaque illum ducimus esse est. Aut molestias voluptate aut impedit quis aliquam minima. Aut et consequatur rem dicta quo.\nFuga consequatur quibusdam velit non. Hic at vel quia dolores cupiditate.'),(43,'1990-05-31 05:28:11',43,43,_binary 'Cumque illum cum harum labore. Esse necessitatibus iusto omnis consequatur deserunt. Ab est occaecati deleniti quia voluptas quam. Rerum aspernatur ad placeat rerum repellat dolore quia consequatur.'),(44,'2010-09-25 08:36:28',44,44,_binary 'Molestiae voluptatem et quas et aut. Ea id sit quidem eaque. Ullam quam voluptate veniam et corrupti dignissimos perspiciatis occaecati. Et aperiam est cumque debitis tempora.'),(45,'1971-01-21 08:55:15',45,45,_binary 'Autem repudiandae occaecati distinctio voluptas. Illo atque ut explicabo quidem nihil quis. Dolores reprehenderit asperiores ex tempore dolores nulla eius.'),(46,'1978-01-17 00:35:16',46,46,_binary 'Vero alias culpa cum nostrum corporis adipisci numquam et. Voluptate sed molestiae delectus incidunt earum. Reiciendis modi harum est deserunt quod vel.'),(47,'2018-01-19 01:43:23',47,47,_binary 'Expedita sit nihil libero numquam quibusdam reprehenderit consequatur. Ad veritatis et fugit necessitatibus corrupti nihil. Id perspiciatis quos aut veniam nostrum.'),(48,'1990-07-23 04:17:46',48,48,_binary 'Et perspiciatis est et est quasi placeat eaque. Amet deserunt ut sequi tenetur. Ut pariatur non nam qui.'),(49,'2014-03-31 19:53:52',49,49,_binary 'Perspiciatis autem quis eum nemo dolores totam. Veniam qui vero deleniti qui error. Aut sunt ut tempora dolorum.'),(50,'2004-03-19 10:48:36',50,50,_binary 'Qui fuga dicta quia ratione. Repudiandae dolorem dicta est voluptatibus et voluptatibus occaecati. Sed ut modi saepe autem cupiditate blanditiis. Dolor quam beatae voluptas eius ut voluptas et.'),(51,'2000-12-27 14:21:51',51,51,_binary 'Accusamus voluptatem sit et voluptatem quasi cumque. Velit quod culpa dolorem libero sed incidunt voluptatem. Et est facere eius ut reiciendis.'),(52,'1994-12-08 18:23:36',52,52,_binary 'Molestias provident vitae voluptate aut. Qui rerum reiciendis totam non id. Est qui culpa rerum quos et ea officia.'),(53,'1974-06-20 12:51:24',53,53,_binary 'Voluptatum dolore voluptatem nesciunt. Laborum nulla reiciendis esse et sed autem. Soluta et corporis nam consequatur et qui. Accusamus iusto eos dolor ea.'),(54,'2009-10-26 15:46:46',54,54,_binary 'Dolores rerum vitae nihil harum laborum. Quam expedita similique incidunt odio ducimus. Alias accusamus modi nisi aliquid.'),(55,'1984-02-19 11:57:06',55,55,_binary 'Itaque error quia voluptate. Debitis ratione ea non nesciunt rerum et incidunt. Ut laudantium numquam sit quidem. Omnis esse consectetur eveniet explicabo rerum.'),(56,'1971-06-16 12:11:36',56,56,_binary 'Odit dolorem aut porro sit odio voluptatibus et. Minima et est molestias. Veritatis repudiandae enim dolor laborum omnis aut architecto.'),(57,'1991-02-06 16:27:40',57,57,_binary 'Quasi repudiandae explicabo est eos totam repellendus. Ducimus itaque quam ut animi dolorum. Quo eligendi totam possimus error ipsa vel. Ipsa nemo et laboriosam ut necessitatibus.'),(58,'1983-04-14 18:32:26',58,58,_binary 'Velit consequatur repellat culpa sed. Sit est ea voluptatibus et voluptas. Et ut voluptas in sunt distinctio officia sapiente.'),(59,'2006-11-11 15:08:04',59,59,_binary 'Tenetur beatae magni animi provident nesciunt accusantium harum quia. Asperiores dolorum aut excepturi repudiandae illum. Et asperiores eaque non officia est.'),(60,'2004-04-06 04:54:37',60,60,_binary 'Rem consequatur dolorem eius. Error iusto iste ea odit omnis veniam voluptatem. Velit temporibus qui distinctio velit.'),(61,'1981-11-20 03:45:35',61,61,_binary 'Repellendus molestiae qui autem sunt. Voluptates ea quo ducimus odio ut aliquid inventore. Consequatur reiciendis ut voluptates asperiores. Earum aut voluptas aut inventore.'),(62,'1974-04-30 10:34:38',62,62,_binary 'Labore accusantium voluptate quas voluptatem enim vitae. Dicta accusamus vitae enim omnis maxime distinctio ea. Exercitationem ea enim qui aut consequuntur occaecati quis.'),(63,'1974-12-26 17:54:11',63,63,_binary 'Doloribus aut quia dolores culpa quaerat voluptatibus. Sunt odio et beatae ut quis temporibus. Autem odio laudantium sit incidunt qui fugit accusamus.'),(64,'2003-08-26 19:38:01',64,64,_binary 'Rerum voluptas qui ea voluptates. Eos doloremque nemo corrupti. Alias officia unde assumenda corrupti nihil aspernatur commodi. Ut ea autem dicta consequatur.'),(65,'2007-04-10 13:06:08',65,65,_binary 'Quia qui eos eum. Voluptas nulla quod quos. Qui illo itaque atque vel. Qui dicta officia voluptatem quisquam velit et incidunt.'),(66,'1996-10-17 12:13:11',66,66,_binary 'Omnis labore dolores vero mollitia architecto totam. Cumque omnis omnis rerum unde. Libero harum hic dolor. Ipsam temporibus sed sit assumenda nam commodi animi. Rerum ratione explicabo sed quia.'),(67,'2019-08-18 22:01:24',67,67,_binary 'Occaecati voluptatum natus eos quia facilis consectetur. Odio consequatur sint perspiciatis temporibus et eveniet. Consequatur quisquam aut et commodi eum. Aliquid veritatis quaerat unde.'),(68,'1971-09-13 23:00:34',68,68,_binary 'Temporibus aspernatur et quo molestias. Sit sunt et reprehenderit enim. Sint quis rerum rerum molestiae. Eum nesciunt ut culpa.'),(69,'1972-04-04 10:55:25',69,69,_binary 'Sunt itaque pariatur eos qui quo vel voluptas quo. Voluptatem ut incidunt sit magni provident corporis. Voluptas atque eius qui asperiores sequi eaque nostrum officiis.'),(70,'1989-11-23 04:15:48',70,70,_binary 'Dolore ipsum tempore quaerat vel magnam mollitia. Necessitatibus voluptas non porro molestiae iure. Dolores iusto corporis veniam inventore.'),(71,'1989-10-27 18:36:29',71,71,_binary 'Aut et totam quam magnam. Reprehenderit aliquam architecto quia porro ratione minus voluptates. Atque aut dolore sapiente ea tenetur id. Sint ea magnam adipisci excepturi quos qui.'),(72,'1986-10-08 11:24:19',72,72,_binary 'Neque reprehenderit fuga dolorem cum. Perspiciatis at esse quia ex qui. Dolores tenetur reiciendis perferendis et in. Nemo voluptatibus harum incidunt amet non in sed.'),(73,'1977-05-25 06:14:06',73,73,_binary 'Ipsa quia enim tempore est aut adipisci molestiae. Nihil nesciunt dicta in.'),(74,'2006-06-26 02:45:42',74,74,_binary 'Enim voluptatem possimus sed nobis aut ut. Et repellendus aperiam quis voluptas. Quia magnam non quas placeat. Aut magni quod in saepe harum commodi velit.'),(75,'2005-03-11 12:30:41',75,75,_binary 'Sed eos voluptatem sed velit. Nisi eius pariatur eligendi labore. Maiores eum fugit nam officiis.'),(76,'2010-10-03 21:32:57',76,76,_binary 'Dolor tempora voluptas et enim autem qui illum vel. Alias aut enim quod ut nostrum rerum. Magnam nostrum et suscipit qui officiis. Sequi quis est perferendis quidem sint deleniti.'),(77,'2016-10-05 19:25:29',77,77,_binary 'Reiciendis soluta reprehenderit inventore qui. Facilis officiis omnis molestias velit. Voluptates velit voluptatem et similique.'),(78,'1979-09-24 03:37:38',78,78,_binary 'Ullam voluptates autem aliquam voluptas. Porro molestias voluptates doloremque expedita ad in minus voluptatem. Totam praesentium numquam voluptate necessitatibus perspiciatis alias et eum.'),(79,'1997-05-24 19:11:52',79,79,_binary 'Rem omnis provident voluptatem dolor quo sunt autem id. Reprehenderit tempora sed quia suscipit nam aliquid odit. Autem earum omnis est id.'),(80,'2013-01-10 05:28:43',80,80,_binary 'Eum adipisci enim nihil unde. Mollitia occaecati dolorem at autem. Corporis occaecati aliquam eveniet dignissimos neque.'),(81,'2007-02-22 23:51:16',81,81,_binary 'Error amet culpa ex. Distinctio aut nobis dolores quos accusamus neque. Deserunt officia aperiam rerum quibusdam qui.'),(82,'1981-12-16 14:40:10',82,82,_binary 'Qui dolores ipsam voluptatem vel quaerat qui adipisci. Sed molestias eum aut dicta cumque architecto occaecati. Odio eum aut sunt omnis adipisci iure.'),(83,'2017-02-01 07:53:37',83,83,_binary 'Tenetur dolorum molestiae voluptatem aperiam quaerat veritatis. Dolor consequatur exercitationem sit et enim rerum. Sequi quia rerum aut qui.'),(84,'2005-05-06 09:21:58',84,84,_binary 'Quaerat eos commodi non magnam sint. Quia veniam magni aliquid eius. Doloribus adipisci possimus dolorem deleniti. Placeat illum aut sit esse.'),(85,'1982-12-13 07:49:51',85,85,_binary 'Nihil praesentium nulla quod facilis non ut reiciendis voluptatem. Omnis quo officiis dolorem rem minima. Nisi dolore eum consequatur dolor necessitatibus.'),(86,'1999-12-26 22:35:27',86,86,_binary 'Quo minima mollitia in delectus laborum qui. Pariatur nisi praesentium id maxime voluptas veniam perspiciatis praesentium. Velit sapiente numquam vel et.'),(87,'1970-06-27 19:17:29',87,87,_binary 'Cupiditate voluptas ratione voluptatum eum quia. Placeat explicabo nobis et illum sunt. Omnis natus aut laborum.'),(88,'2019-10-06 07:33:53',88,88,_binary 'Occaecati incidunt eos nulla fuga. Aspernatur cupiditate adipisci nihil alias sed quod tenetur. Qui tempore et culpa dicta reprehenderit sed numquam.'),(89,'1977-05-15 06:31:24',89,89,_binary 'Aliquid exercitationem eveniet itaque. Ea quod nesciunt voluptas at ex. Earum consequatur odio officiis incidunt molestiae.'),(90,'2006-09-17 15:55:29',90,90,_binary 'Iusto nobis sit quae modi id. Minus porro eum repellat consequatur sequi. Fugit quod qui hic. Reiciendis eveniet dolores quis est ut.'),(91,'1992-02-05 10:52:09',91,91,_binary 'Exercitationem animi laborum ipsum illum harum illo dolore. Nihil eos necessitatibus nihil voluptates sint. Qui occaecati facilis dolorem commodi cum.'),(92,'2015-09-18 15:39:36',92,92,_binary 'Odio labore enim perferendis et voluptas. Quod tenetur corrupti tempore vero corrupti ratione. Qui officiis molestiae deserunt voluptatem accusamus.'),(93,'1973-08-14 20:08:33',93,93,_binary 'Iusto architecto nostrum ullam. Deserunt sit harum quis vel. Cumque dolor magnam vel consequatur.'),(94,'1975-12-29 01:14:27',94,94,_binary 'Error alias velit cupiditate distinctio. Sint voluptatem in accusantium quis reiciendis. Saepe quaerat ducimus porro.'),(95,'1980-01-26 12:53:36',95,95,_binary 'Dolore odit ut quaerat ad dolore. Dignissimos earum et autem veritatis. Voluptas optio voluptas ipsam assumenda modi possimus. Sed neque est eos ipsum similique.'),(96,'2015-02-15 07:27:45',96,96,_binary 'Neque amet assumenda est maxime blanditiis. Possimus aperiam autem neque.'),(97,'1999-11-25 10:33:43',97,97,_binary 'Sequi cupiditate quasi sunt voluptatem vel dignissimos eum. Molestiae illo ea adipisci. Temporibus odio culpa sed accusantium.'),(98,'2019-02-15 03:13:59',98,98,_binary 'Reprehenderit modi ut quisquam. A consequatur quia adipisci sed rerum accusantium minima. Quis reiciendis ut sunt omnis adipisci.'),(99,'1998-03-02 09:31:40',99,99,_binary 'Quas iste ut ipsam et at. Quo est quibusdam aperiam qui consectetur aliquam nam. Libero sint ut quasi dicta numquam voluptatem beatae.'),(100,'1978-11-22 23:19:22',100,100,_binary 'Inventore quae recusandae veritatis natus aut asperiores. Pariatur laborum maiores perferendis sunt nostrum quo necessitatibus. Magnam repudiandae ipsam reprehenderit commodi unde.');
/*!40000 ALTER TABLE `publication` ENABLE KEYS */;
UNLOCK TABLES;

--
-- Table structure for table `publication_communities`
--

DROP TABLE IF EXISTS `publication_communities`;
/*!40101 SET @saved_cs_client     = @@character_set_client */;
/*!40101 SET character_set_client = utf8 */;
CREATE TABLE `publication_communities` (
  `id` bigint(20) unsigned NOT NULL AUTO_INCREMENT,
  `created_at` datetime DEFAULT CURRENT_TIMESTAMP,
  `user_id` bigint(20) unsigned NOT NULL,
  `media_id` bigint(20) unsigned NOT NULL,
  `text` blob,
  `communities_id` bigint(20) unsigned NOT NULL,
  PRIMARY KEY (`id`),
  UNIQUE KEY `id` (`id`),
  KEY `user_id` (`user_id`),
  KEY `media_id` (`media_id`),
  KEY `communities_id` (`communities_id`),
  CONSTRAINT `publication_communities_ibfk_1` FOREIGN KEY (`user_id`) REFERENCES `users` (`id`),
  CONSTRAINT `publication_communities_ibfk_2` FOREIGN KEY (`media_id`) REFERENCES `media` (`id`),
  CONSTRAINT `publication_communities_ibfk_3` FOREIGN KEY (`communities_id`) REFERENCES `communities` (`id`)
) ENGINE=InnoDB DEFAULT CHARSET=latin1;
/*!40101 SET character_set_client = @saved_cs_client */;

--
-- Dumping data for table `publication_communities`
--

LOCK TABLES `publication_communities` WRITE;
/*!40000 ALTER TABLE `publication_communities` DISABLE KEYS */;
/*!40000 ALTER TABLE `publication_communities` ENABLE KEYS */;
UNLOCK TABLES;

--
-- Table structure for table `publication_profile`
--

DROP TABLE IF EXISTS `publication_profile`;
/*!40101 SET @saved_cs_client     = @@character_set_client */;
/*!40101 SET character_set_client = utf8 */;
CREATE TABLE `publication_profile` (
  `id` bigint(20) unsigned NOT NULL AUTO_INCREMENT,
  `created_at` datetime DEFAULT CURRENT_TIMESTAMP,
  `user_id` bigint(20) unsigned NOT NULL,
  `media_id` bigint(20) unsigned NOT NULL,
  `text` blob,
  `profiles_id` bigint(20) unsigned NOT NULL,
  PRIMARY KEY (`id`),
  UNIQUE KEY `id` (`id`),
  KEY `user_id` (`user_id`),
  KEY `media_id` (`media_id`),
  KEY `profiles_id` (`profiles_id`),
  CONSTRAINT `publication_profile_ibfk_1` FOREIGN KEY (`user_id`) REFERENCES `users` (`id`),
  CONSTRAINT `publication_profile_ibfk_2` FOREIGN KEY (`media_id`) REFERENCES `media` (`id`),
  CONSTRAINT `publication_profile_ibfk_3` FOREIGN KEY (`profiles_id`) REFERENCES `profiles` (`user_id`)
) ENGINE=InnoDB DEFAULT CHARSET=latin1;
/*!40101 SET character_set_client = @saved_cs_client */;

--
-- Dumping data for table `publication_profile`
--

LOCK TABLES `publication_profile` WRITE;
/*!40000 ALTER TABLE `publication_profile` DISABLE KEYS */;
/*!40000 ALTER TABLE `publication_profile` ENABLE KEYS */;
UNLOCK TABLES;

--
-- Table structure for table `users`
--

DROP TABLE IF EXISTS `users`;
/*!40101 SET @saved_cs_client     = @@character_set_client */;
/*!40101 SET character_set_client = utf8 */;
CREATE TABLE `users` (
  `id` bigint(20) unsigned NOT NULL AUTO_INCREMENT,
  `firstname` varchar(50) DEFAULT NULL,
  `lastname` varchar(50) DEFAULT NULL COMMENT '',
  `email` varchar(120) DEFAULT NULL,
  `phone` bigint(20) DEFAULT NULL,
  PRIMARY KEY (`id`),
  UNIQUE KEY `id` (`id`),
  UNIQUE KEY `email` (`email`),
  KEY `users_phone_idx` (`phone`),
  KEY `users_firstname_lastname_idx` (`firstname`,`lastname`)
) ENGINE=InnoDB AUTO_INCREMENT=201 DEFAULT CHARSET=latin1;
/*!40101 SET character_set_client = @saved_cs_client */;

--
-- Dumping data for table `users`
--

LOCK TABLES `users` WRITE;
/*!40000 ALTER TABLE `users` DISABLE KEYS */;
INSERT INTO `users` VALUES (1,'Stephen','Funk','mateo44@example.net',1),(2,'Francesco','Raynor','xlynch@example.net',926751),(3,'Muhammad','Graham','jo\'reilly@example.com',0),(4,'Kris','Haag','umorar@example.com',63),(5,'Era','Ernser','mazie79@example.net',105510),(6,'Shyanne','Bechtelar','jshanahan@example.org',0),(7,'Brock','Mosciski','farrell.adell@example.com',491),(8,'Reta','Sawayn','dpollich@example.org',88),(9,'Christa','Kirlin','jefferey.conn@example.org',89577),(10,'Dax','Dach','joanny36@example.net',1),(11,'Amos','Mohr','kuvalis.philip@example.com',1),(12,'Barrett','Cummings','kerluke.elias@example.org',1),(13,'Ross','Bergnaum','zieme.jackie@example.org',78604),(14,'Caden','Douglas','williamson.palma@example.org',8),(15,'Miguel','Adams','derick73@example.net',1),(16,'Rosamond','Friesen','turner.cassandre@example.net',1),(17,'Karolann','Conroy','kdonnelly@example.com',66797),(18,'Betty','Cummings','olin.white@example.com',1),(19,'Myles','Davis','waelchi.herta@example.com',680205),(20,'German','Cassin','anjali64@example.org',403056286),(21,'Raymond','Kuhlman','rogahn.conor@example.net',539),(22,'Clay','Klocko','miller.leonardo@example.com',86),(23,'Reanna','Langosh','anderson.wolf@example.net',0),(24,'Meta','Wuckert','harris.gideon@example.org',46),(25,'Diana','Simonis','rashawn97@example.net',1),(26,'Karl','Yost','crona.rod@example.net',826),(27,'Aurelia','Macejkovic','hertha.reinger@example.net',1),(28,'Johnpaul','Buckridge','margaret.pfannerstill@example.net',477290),(29,'Curt','Jakubowski','darren82@example.net',1),(30,'Ocie','O\'Reilly','funk.princess@example.net',8830698842),(31,'Sanford','Schneider','griffin.feil@example.com',1),(32,'Darrick','Abshire','shany57@example.org',1),(33,'Stone','Hilll','victor.bernhard@example.com',951),(34,'Lessie','Koepp','denesik.zane@example.org',0),(35,'Simeon','Wyman','pgerhold@example.net',0),(36,'Violet','Ratke','yparker@example.com',5917850165),(37,'Reyna','Gaylord','greg19@example.net',1),(38,'Amina','Harris','harris.wilfrid@example.com',624),(39,'Lauretta','Marquardt','allison89@example.org',1),(40,'Eda','Gaylord','jayden.botsford@example.org',1),(41,'Samir','Effertz','evelyn91@example.com',7206916771),(42,'Savion','Parisian','tristian.lang@example.org',592),(43,'Wilma','Smitham','parker.helga@example.org',923299),(44,'Lyda','Champlin','lang.zetta@example.org',70),(45,'Valerie','Kshlerin','norberto.dach@example.org',206789),(46,'Neha','Lubowitz','dhilll@example.com',1),(47,'Cooper','Nienow','camden31@example.com',999),(48,'Velma','Ullrich','dledner@example.org',872264),(49,'Weston','Hahn','ekrajcik@example.net',803658),(50,'Christina','Rutherford','herbert49@example.net',459003342),(51,'Krystel','Kunde','nicolas.brian@example.org',1),(52,'Jerrell','Abshire','mwolf@example.net',625),(53,'Kaitlin','Fahey','hodkiewicz.chester@example.net',38143),(54,'Delores','Fisher','jenkins.olin@example.org',1),(55,'Anais','Barrows','desmond.mante@example.net',0),(56,'Zena','Leuschke','rosemary17@example.com',106),(57,'Rachael','Denesik','susan42@example.com',631119),(58,'Alfonzo','Aufderhar','drobel@example.net',9),(59,'Ada','Lemke','dee.goyette@example.net',921),(60,'Jeffry','Rau','loren44@example.net',1),(61,'Mossie','Robel','mose69@example.org',0),(62,'Britney','Koelpin','lucy.nienow@example.net',127),(63,'Jameson','Oberbrunner','eleanora99@example.com',1),(64,'Margaret','Waelchi','arnaldo12@example.net',270204),(65,'Timothy','Gibson','kswaniawski@example.org',0),(66,'Sage','Greenfelder','bella54@example.com',0),(67,'Jacynthe','Wilderman','ephraim20@example.net',0),(68,'Mekhi','Brown','joesph97@example.org',532),(69,'Felicita','Schulist','conn.reggie@example.org',0),(70,'Omari','Murphy','josue.reinger@example.com',4470119062),(71,'Ahmad','Fahey','reginald64@example.org',291748),(72,'Bessie','Brakus','casey.labadie@example.org',1),(73,'Dave','Wolf','ewisozk@example.org',0),(74,'Ali','Daugherty','darryl55@example.com',1),(75,'Matt','Bartell','yessenia86@example.org',885430),(76,'Cyril','Murazik','zcrist@example.net',69),(77,'Wilburn','Kuphal','silas48@example.org',599469201),(78,'Eveline','Runolfsson','boyer.kacey@example.com',287),(79,'Annabel','Hessel','taya.funk@example.net',238),(80,'Beryl','Gerhold','bmccullough@example.org',675214),(81,'Vinnie','Boyle','lucinda07@example.com',748),(82,'Anna','Conroy','o\'reilly.ella@example.com',0),(83,'Opal','Mertz','brody98@example.com',705169565),(84,'Valerie','Grimes','marion.lindgren@example.com',1),(85,'Eldora','Little','kelli45@example.com',1),(86,'Florencio','Bosco','bode.weldon@example.com',543185),(87,'Colin','Dare','micah.carter@example.net',1),(88,'Citlalli','Bergnaum','reagan36@example.com',142809),(89,'Guido','DuBuque','rwaters@example.org',18548),(90,'Harmony','Cremin','dcorkery@example.org',83),(91,'Christina','Mohr','shanelle57@example.org',1),(92,'Millie','Beier','von.mohammad@example.org',572641),(93,'Morgan','Blanda','elmer31@example.net',1343046681),(94,'Angela','Cummings','ferry.austen@example.net',841),(95,'Sage','Lueilwitz','nmayert@example.net',1),(96,'Ali','Treutel','legros.clifford@example.com',527492),(97,'Ramon','Pacocha','stephania70@example.org',0),(98,'Cade','Tremblay','roberts.domenic@example.org',0),(99,'Louie','Hegmann','katrina.bogisich@example.org',1),(100,'Jerel','Harris','amely.o\'connell@example.com',139),(101,'Claudia','Kemmer','berniece55@example.org',413),(102,'Fay','Gaylord','brendan.borer@example.org',229),(103,'Donny','Gorczany','orion14@example.com',252),(104,'Kris','Heathcote','ethel70@example.net',6458036704),(105,'Gordon','Kihn','reyna24@example.net',880),(106,'Ursula','Labadie','stiedemann.valentina@example.net',0),(107,'Effie','Cassin','beahan.junius@example.net',5),(108,'Destinee','Glover','dexter86@example.net',808),(109,'Valentine','Marks','feest.cathrine@example.com',1),(110,'Eric','Treutel','myra69@example.org',1),(111,'Carmen','Littel','yberge@example.com',747),(112,'Samara','Schoen','mcole@example.org',0),(113,'Camren','O\'Hara','grover.crona@example.com',0),(114,'Sam','Batz','jleuschke@example.org',0),(115,'Else','Batz','omari.mcglynn@example.com',253673),(116,'Shyanne','Cronin','alicia64@example.org',389244),(117,'Desmond','Carroll','daren.conroy@example.com',2031250315),(118,'Walter','Murphy','von.willa@example.org',1),(119,'Mattie','Lehner','pfeffer.ceasar@example.net',1),(120,'Johnpaul','Wolff','fwalsh@example.org',1),(121,'Victoria','Jenkins','dooley.lauriane@example.com',616),(122,'Rosalee','Heaney','sylvan.homenick@example.net',0),(123,'Jack','Weissnat','abernathy.richmond@example.com',0),(124,'Urban','Hagenes','orn.miles@example.org',36),(125,'Raleigh','Hansen','fbrown@example.org',1),(126,'Jessy','Schaden','okovacek@example.com',1),(127,'Candelario','Langosh','dayna93@example.net',1),(128,'Leda','Stiedemann','aryanna44@example.org',672502),(129,'Grace','Bernier','ycorkery@example.org',1),(130,'Annie','Gibson','ibuckridge@example.com',325650),(131,'Mathilde','Mitchell','ahudson@example.net',790232),(132,'Myrtie','Wolf','jzieme@example.net',6641469430),(133,'Carlos','Hauck','geo00@example.org',0),(134,'Alexandra','Goldner','ryan.casandra@example.org',1),(135,'Michale','Oberbrunner','bergstrom.kylie@example.org',1),(136,'Isabelle','Zulauf','ekozey@example.net',953),(137,'Brandon','Swaniawski','winston.hartmann@example.net',7),(138,'Raven','Prohaska','lacey.corwin@example.com',616990),(139,'Zoila','Nitzsche','jovan.brown@example.com',1),(140,'Walton','Wilderman','mariela08@example.org',279087),(141,'Shakira','Monahan','carmel.hudson@example.net',1),(142,'Gwendolyn','Swaniawski','qdenesik@example.net',13531),(143,'Devyn','Williamson','dweissnat@example.org',0),(144,'Krystina','Schaden','loraine.turcotte@example.org',900908),(145,'Ethel','Koss','donny70@example.org',18),(146,'Jade','Aufderhar','helene01@example.com',20),(147,'Paul','Weissnat','kamryn44@example.net',750647),(148,'Colin','Schoen','ora81@example.com',1),(149,'Adrien','Padberg','goyette.reynold@example.org',902),(150,'Madilyn','Kuvalis','ulabadie@example.net',522812),(151,'Linwood','Fahey','vandervort.jettie@example.org',0),(152,'Marcia','Predovic','vwiegand@example.com',2919),(153,'Wilford','Kunze','marks.fanny@example.org',7),(154,'Jayne','Harris','elta.o\'keefe@example.org',192256),(155,'Gwen','Wisoky','wyatt.strosin@example.org',441238),(156,'Carole','Schamberger','liana37@example.org',26),(157,'Arden','Cruickshank','lea25@example.net',0),(158,'Gretchen','Feest','dena.fahey@example.net',856),(159,'Grant','Fahey','cassin.kayley@example.net',0),(160,'Bessie','Zulauf','jody.collier@example.net',1),(161,'Anita','Parisian','schneider.mackenzie@example.net',1),(162,'Pietro','Kirlin','predovic.brannon@example.org',598),(163,'Pierre','Zieme','ari99@example.org',94),(164,'Avery','Von','thalia41@example.org',233),(165,'Vance','Homenick','qmosciski@example.com',8473590107),(166,'Mark','Walsh','probel@example.org',1),(167,'Kathryne','Mills','chyna.kunze@example.com',0),(168,'Russell','Kris','lindgren.lesly@example.com',21),(169,'Jillian','Ward','yparisian@example.net',1),(170,'Aida','Bosco','austin.mante@example.net',634405),(171,'Eugenia','Rice','o\'hara.willa@example.net',0),(172,'Bernadette','Moen','bruce25@example.org',989),(173,'Kelly','Gutkowski','icronin@example.com',480028),(174,'Naomie','Schoen','eden.flatley@example.net',492064),(175,'Royce','Jaskolski','hmedhurst@example.net',0),(176,'Aubrey','Jones','corkery.alford@example.net',12),(177,'Shawna','Schoen','lois04@example.org',0),(178,'Lupe','Nicolas','rlind@example.net',67),(179,'Jamarcus','Kilback','jmorissette@example.org',575043),(180,'Eudora','McClure','flatley.brittany@example.net',1),(181,'Micah','Wilkinson','stokes.carmelo@example.net',1),(182,'Mara','Stark','eromaguera@example.com',513),(183,'Natasha','Simonis','david.ondricka@example.net',0),(184,'Madyson','Klein','rrogahn@example.net',0),(185,'Moises','Heathcote','donnelly.jadyn@example.net',8494715347),(186,'Evan','Steuber','hbednar@example.org',1),(187,'Donavon','Cummerata','angeline60@example.com',327),(188,'Ludwig','Schinner','fay97@example.net',711793),(189,'Dustin','Nicolas','arvid.rolfson@example.com',253),(190,'Velda','Weber','nicolette07@example.net',1),(191,'Alyce','Rosenbaum','jschamberger@example.org',681306),(192,'Tobin','Parker','gnienow@example.com',8),(193,'Edmund','Maggio','nelda33@example.com',106),(194,'Estell','Torphy','eherzog@example.com',1),(195,'Della','Volkman','mandy.bruen@example.org',1),(196,'Kip','Schuster','schamberger.leila@example.com',61),(197,'Ofelia','Hickle','quigley.golda@example.com',58),(198,'Bill','Harvey','elissa.bins@example.com',653657),(199,'Veda','Lakin','lowe.lela@example.net',0),(200,'Manley','Feeney','noemy.mccullough@example.net',863015);
/*!40000 ALTER TABLE `users` ENABLE KEYS */;
UNLOCK TABLES;

--
-- Table structure for table `users_communities`
--

DROP TABLE IF EXISTS `users_communities`;
/*!40101 SET @saved_cs_client     = @@character_set_client */;
/*!40101 SET character_set_client = utf8 */;
CREATE TABLE `users_communities` (
  `user_id` bigint(20) unsigned NOT NULL,
  `community_id` bigint(20) unsigned NOT NULL,
  PRIMARY KEY (`user_id`,`community_id`),
  KEY `community_id` (`community_id`),
  CONSTRAINT `users_communities_ibfk_1` FOREIGN KEY (`user_id`) REFERENCES `users` (`id`),
  CONSTRAINT `users_communities_ibfk_2` FOREIGN KEY (`community_id`) REFERENCES `communities` (`id`)
) ENGINE=InnoDB DEFAULT CHARSET=latin1;
/*!40101 SET character_set_client = @saved_cs_client */;

--
-- Dumping data for table `users_communities`
--

LOCK TABLES `users_communities` WRITE;
/*!40000 ALTER TABLE `users_communities` DISABLE KEYS */;
/*!40000 ALTER TABLE `users_communities` ENABLE KEYS */;
UNLOCK TABLES;

--
-- Dumping routines for database 'vk'
--
/*!40103 SET TIME_ZONE=@OLD_TIME_ZONE */;

/*!40101 SET SQL_MODE=@OLD_SQL_MODE */;
/*!40014 SET FOREIGN_KEY_CHECKS=@OLD_FOREIGN_KEY_CHECKS */;
/*!40014 SET UNIQUE_CHECKS=@OLD_UNIQUE_CHECKS */;
/*!40101 SET CHARACTER_SET_CLIENT=@OLD_CHARACTER_SET_CLIENT */;
/*!40101 SET CHARACTER_SET_RESULTS=@OLD_CHARACTER_SET_RESULTS */;
/*!40101 SET COLLATION_CONNECTION=@OLD_COLLATION_CONNECTION */;
/*!40111 SET SQL_NOTES=@OLD_SQL_NOTES */;

-- Dump completed on 2020-04-21 23:27:52
